year,month,state,frequency,sentiment
2012,1,AL,0.0,
2012,2,AL,0.0,
2012,3,AL,0.0,
2012,4,AL,0.0,
2012,5,AL,0.0,
2012,6,AL,0.0,
2012,7,AL,0.0,
2012,8,AL,0.0,
2012,9,AL,0.0,
2012,10,AL,0.0,
2012,11,AL,0.0,
2012,12,AL,0.0,
2013,1,AL,0.0,
2013,2,AL,0.0,
2013,3,AL,0.0,
2013,4,AL,0.0,
2013,5,AL,0.0,
2013,6,AL,0.0,
2013,7,AL,0.0,
2013,8,AL,0.0,
2013,9,AL,0.0,
2013,10,AL,0.0,
2013,11,AL,0.0,
2013,12,AL,0.0,
2014,1,AL,0.0,
2014,2,AL,0.0,
2014,3,AL,0.0,
2014,4,AL,0.0,
2014,5,AL,0.0,
2014,6,AL,0.0,
2014,7,AL,0.0,
2014,8,AL,0.0,
2014,9,AL,0.0,
2014,10,AL,0.0,
2014,11,AL,0.0,
2014,12,AL,0.0,
2015,1,AL,0.0,
2015,2,AL,0.0,
2015,3,AL,0.0,
2015,4,AL,0.0,
2015,5,AL,0.0,
2015,6,AL,0.0,
2015,7,AL,0.0,
2015,8,AL,0.0,
2015,9,AL,0.0,
2015,10,AL,0.0,
2015,11,AL,0.0,
2015,12,AL,0.0,
2016,1,AL,0.0,
2016,2,AL,0.0,
2016,3,AL,0.0,
2016,4,AL,0.0,
2016,5,AL,0.0,
2016,6,AL,0.0,
2016,7,AL,0.0,
2016,8,AL,0.0,
2016,9,AL,0.0,
2016,10,AL,0.0,
2016,11,AL,0.0,
2016,12,AL,0.0,
2017,1,AL,0.0,
2017,2,AL,0.0,
2017,3,AL,0.0,
2017,4,AL,0.0,
2017,5,AL,0.0,
2017,6,AL,0.0,
2017,7,AL,63.0,0.00634920634920635
2017,8,AL,21.0,0.12527417027417
2017,9,AL,1.0,0.0
2017,10,AL,1.0,0.0
2017,11,AL,1.0,0.0
2017,12,AL,2.0,0.113920454545455
2018,1,AL,3.0,0.136666666666667
2018,2,AL,13.0,0.182717282717283
2018,3,AL,11.0,0.134848484848485
2018,4,AL,4.0,0.12594696969697
2018,5,AL,0.0,
2018,6,AL,11.0,0.0830681818181818
2018,7,AL,2.0,0.0
2018,8,AL,1.0,0.025
2018,9,AL,4.0,0.159805194805195
2018,10,AL,8.0,0.167400568181818
2018,11,AL,0.0,
2018,12,AL,0.0,
2019,1,AL,0.0,
2019,2,AL,0.0,
2019,3,AL,0.0,
2019,4,AL,0.0,
2019,5,AL,0.0,
2019,6,AL,5.0,0.327246317340067
2019,7,AL,10.0,0.140291035353535
2019,8,AL,0.0,
2019,9,AL,0.0,
2019,10,AL,0.0,
2019,11,AL,0.0,
2019,12,AL,0.0,
2020,1,AL,0.0,
2012,1,AK,0.0,
2012,2,AK,0.0,
2012,3,AK,0.0,
2012,4,AK,0.0,
2012,5,AK,0.0,
2012,6,AK,0.0,
2012,7,AK,0.0,
2012,8,AK,0.0,
2012,9,AK,0.0,
2012,10,AK,0.0,
2012,11,AK,0.0,
2012,12,AK,0.0,
2013,1,AK,0.0,
2013,2,AK,0.0,
2013,3,AK,0.0,
2013,4,AK,0.0,
2013,5,AK,0.0,
2013,6,AK,0.0,
2013,7,AK,0.0,
2013,8,AK,0.0,
2013,9,AK,0.0,
2013,10,AK,0.0,
2013,11,AK,0.0,
2013,12,AK,0.0,
2014,1,AK,0.0,
2014,2,AK,0.0,
2014,3,AK,0.0,
2014,4,AK,0.0,
2014,5,AK,0.0,
2014,6,AK,0.0,
2014,7,AK,0.0,
2014,8,AK,0.0,
2014,9,AK,0.0,
2014,10,AK,0.0,
2014,11,AK,0.0,
2014,12,AK,0.0,
2015,1,AK,0.0,
2015,2,AK,0.0,
2015,3,AK,0.0,
2015,4,AK,0.0,
2015,5,AK,0.0,
2015,6,AK,0.0,
2015,7,AK,0.0,
2015,8,AK,0.0,
2015,9,AK,0.0,
2015,10,AK,0.0,
2015,11,AK,0.0,
2015,12,AK,0.0,
2016,1,AK,0.0,
2016,2,AK,0.0,
2016,3,AK,0.0,
2016,4,AK,0.0,
2016,5,AK,0.0,
2016,6,AK,0.0,
2016,7,AK,0.0,
2016,8,AK,0.0,
2016,9,AK,0.0,
2016,10,AK,0.0,
2016,11,AK,0.0,
2016,12,AK,0.0,
2017,1,AK,0.0,
2017,2,AK,0.0,
2017,3,AK,0.0,
2017,4,AK,0.0,
2017,5,AK,0.0,
2017,6,AK,0.0,
2017,7,AK,2.0,0.0
2017,8,AK,0.0,
2017,9,AK,0.0,
2017,10,AK,0.0,
2017,11,AK,0.0,
2017,12,AK,0.0,
2018,1,AK,1.0,-0.0125
2018,2,AK,0.0,
2018,3,AK,0.0,
2018,4,AK,1.0,0.1
2018,5,AK,0.0,
2018,6,AK,0.0,
2018,7,AK,1.0,0.0833333333333333
2018,8,AK,0.0,
2018,9,AK,0.0,
2018,10,AK,0.0,
2018,11,AK,0.0,
2018,12,AK,0.0,
2019,1,AK,0.0,
2019,2,AK,0.0,
2019,3,AK,0.0,
2019,4,AK,0.0,
2019,5,AK,0.0,
2019,6,AK,0.0,
2019,7,AK,0.0,
2019,8,AK,0.0,
2019,9,AK,0.0,
2019,10,AK,0.0,
2019,11,AK,0.0,
2019,12,AK,0.0,
2020,1,AK,0.0,
2012,1,AZ,0.0,
2012,2,AZ,0.0,
2012,3,AZ,0.0,
2012,4,AZ,0.0,
2012,5,AZ,0.0,
2012,6,AZ,0.0,
2012,7,AZ,0.0,
2012,8,AZ,0.0,
2012,9,AZ,0.0,
2012,10,AZ,0.0,
2012,11,AZ,0.0,
2012,12,AZ,0.0,
2013,1,AZ,0.0,
2013,2,AZ,0.0,
2013,3,AZ,0.0,
2013,4,AZ,0.0,
2013,5,AZ,0.0,
2013,6,AZ,0.0,
2013,7,AZ,0.0,
2013,8,AZ,0.0,
2013,9,AZ,0.0,
2013,10,AZ,0.0,
2013,11,AZ,0.0,
2013,12,AZ,0.0,
2014,1,AZ,0.0,
2014,2,AZ,0.0,
2014,3,AZ,0.0,
2014,4,AZ,0.0,
2014,5,AZ,0.0,
2014,6,AZ,0.0,
2014,7,AZ,0.0,
2014,8,AZ,0.0,
2014,9,AZ,0.0,
2014,10,AZ,0.0,
2014,11,AZ,0.0,
2014,12,AZ,0.0,
2015,1,AZ,0.0,
2015,2,AZ,0.0,
2015,3,AZ,0.0,
2015,4,AZ,0.0,
2015,5,AZ,0.0,
2015,6,AZ,0.0,
2015,7,AZ,0.0,
2015,8,AZ,0.0,
2015,9,AZ,0.0,
2015,10,AZ,0.0,
2015,11,AZ,0.0,
2015,12,AZ,0.0,
2016,1,AZ,0.0,
2016,2,AZ,0.0,
2016,3,AZ,0.0,
2016,4,AZ,0.0,
2016,5,AZ,0.0,
2016,6,AZ,0.0,
2016,7,AZ,0.0,
2016,8,AZ,0.0,
2016,9,AZ,0.0,
2016,10,AZ,0.0,
2016,11,AZ,0.0,
2016,12,AZ,0.0,
2017,1,AZ,0.0,
2017,2,AZ,0.0,
2017,3,AZ,0.0,
2017,4,AZ,0.0,
2017,5,AZ,0.0,
2017,6,AZ,0.0,
2017,7,AZ,10.0,0.0242424242424242
2017,8,AZ,4.0,0.124166666666667
2017,9,AZ,9.0,0.145707070707071
2017,10,AZ,4.0,0.109375
2017,11,AZ,2.0,0.0166666666666667
2017,12,AZ,3.0,0.1025
2018,1,AZ,6.0,0.172268518518519
2018,2,AZ,3.0,0.0606818181818182
2018,3,AZ,5.0,0.0927604166666667
2018,4,AZ,7.0,0.0111904761904762
2018,5,AZ,7.0,0.220698051948052
2018,6,AZ,4.0,0.00666666666666667
2018,7,AZ,2.0,0.115625
2018,8,AZ,6.0,0.0504960317460317
2018,9,AZ,2.0,0.0
2018,10,AZ,8.0,0.30625
2018,11,AZ,0.0,
2018,12,AZ,0.0,
2019,1,AZ,0.0,
2019,2,AZ,0.0,
2019,3,AZ,0.0,
2019,4,AZ,0.0,
2019,5,AZ,0.0,
2019,6,AZ,9.0,0.203888888888889
2019,7,AZ,7.0,0.156619769119769
2019,8,AZ,0.0,
2019,9,AZ,0.0,
2019,10,AZ,0.0,
2019,11,AZ,0.0,
2019,12,AZ,0.0,
2020,1,AZ,0.0,
2012,1,AR,0.0,
2012,2,AR,0.0,
2012,3,AR,0.0,
2012,4,AR,0.0,
2012,5,AR,0.0,
2012,6,AR,0.0,
2012,7,AR,0.0,
2012,8,AR,0.0,
2012,9,AR,0.0,
2012,10,AR,0.0,
2012,11,AR,0.0,
2012,12,AR,0.0,
2013,1,AR,0.0,
2013,2,AR,0.0,
2013,3,AR,0.0,
2013,4,AR,0.0,
2013,5,AR,0.0,
2013,6,AR,0.0,
2013,7,AR,0.0,
2013,8,AR,0.0,
2013,9,AR,0.0,
2013,10,AR,0.0,
2013,11,AR,0.0,
2013,12,AR,0.0,
2014,1,AR,0.0,
2014,2,AR,0.0,
2014,3,AR,0.0,
2014,4,AR,0.0,
2014,5,AR,0.0,
2014,6,AR,0.0,
2014,7,AR,0.0,
2014,8,AR,0.0,
2014,9,AR,0.0,
2014,10,AR,0.0,
2014,11,AR,0.0,
2014,12,AR,0.0,
2015,1,AR,0.0,
2015,2,AR,0.0,
2015,3,AR,0.0,
2015,4,AR,0.0,
2015,5,AR,0.0,
2015,6,AR,0.0,
2015,7,AR,0.0,
2015,8,AR,0.0,
2015,9,AR,0.0,
2015,10,AR,0.0,
2015,11,AR,0.0,
2015,12,AR,0.0,
2016,1,AR,0.0,
2016,2,AR,0.0,
2016,3,AR,0.0,
2016,4,AR,0.0,
2016,5,AR,0.0,
2016,6,AR,0.0,
2016,7,AR,0.0,
2016,8,AR,0.0,
2016,9,AR,0.0,
2016,10,AR,0.0,
2016,11,AR,0.0,
2016,12,AR,0.0,
2017,1,AR,0.0,
2017,2,AR,0.0,
2017,3,AR,0.0,
2017,4,AR,0.0,
2017,5,AR,0.0,
2017,6,AR,0.0,
2017,7,AR,3.0,0.0533333333333333
2017,8,AR,0.0,
2017,9,AR,0.0,
2017,10,AR,2.0,0.4
2017,11,AR,1.0,0.0
2017,12,AR,0.0,
2018,1,AR,0.0,
2018,2,AR,1.0,0.0
2018,3,AR,6.0,0.1
2018,4,AR,4.0,0.0375
2018,5,AR,0.0,
2018,6,AR,1.0,0.0
2018,7,AR,0.0,
2018,8,AR,2.0,0.0
2018,9,AR,6.0,0.0568181818181818
2018,10,AR,5.0,0.0
2018,11,AR,0.0,
2018,12,AR,0.0,
2019,1,AR,0.0,
2019,2,AR,0.0,
2019,3,AR,0.0,
2019,4,AR,0.0,
2019,5,AR,0.0,
2019,6,AR,2.0,0.197916666666667
2019,7,AR,2.0,0.0958333333333333
2019,8,AR,0.0,
2019,9,AR,0.0,
2019,10,AR,0.0,
2019,11,AR,0.0,
2019,12,AR,0.0,
2020,1,AR,0.0,
2012,1,CA,0.0,
2012,2,CA,0.0,
2012,3,CA,0.0,
2012,4,CA,0.0,
2012,5,CA,0.0,
2012,6,CA,0.0,
2012,7,CA,0.0,
2012,8,CA,0.0,
2012,9,CA,0.0,
2012,10,CA,0.0,
2012,11,CA,0.0,
2012,12,CA,0.0,
2013,1,CA,0.0,
2013,2,CA,0.0,
2013,3,CA,0.0,
2013,4,CA,0.0,
2013,5,CA,0.0,
2013,6,CA,0.0,
2013,7,CA,0.0,
2013,8,CA,0.0,
2013,9,CA,0.0,
2013,10,CA,0.0,
2013,11,CA,0.0,
2013,12,CA,0.0,
2014,1,CA,0.0,
2014,2,CA,0.0,
2014,3,CA,0.0,
2014,4,CA,0.0,
2014,5,CA,0.0,
2014,6,CA,0.0,
2014,7,CA,0.0,
2014,8,CA,0.0,
2014,9,CA,0.0,
2014,10,CA,0.0,
2014,11,CA,0.0,
2014,12,CA,0.0,
2015,1,CA,0.0,
2015,2,CA,0.0,
2015,3,CA,0.0,
2015,4,CA,0.0,
2015,5,CA,0.0,
2015,6,CA,0.0,
2015,7,CA,0.0,
2015,8,CA,0.0,
2015,9,CA,0.0,
2015,10,CA,0.0,
2015,11,CA,0.0,
2015,12,CA,0.0,
2016,1,CA,0.0,
2016,2,CA,0.0,
2016,3,CA,0.0,
2016,4,CA,0.0,
2016,5,CA,0.0,
2016,6,CA,0.0,
2016,7,CA,0.0,
2016,8,CA,0.0,
2016,9,CA,0.0,
2016,10,CA,0.0,
2016,11,CA,0.0,
2016,12,CA,0.0,
2017,1,CA,0.0,
2017,2,CA,0.0,
2017,3,CA,0.0,
2017,4,CA,0.0,
2017,5,CA,0.0,
2017,6,CA,0.0,
2017,7,CA,30.0,0.191093163780664
2017,8,CA,62.0,0.0746823069403715
2017,9,CA,24.0,0.175972222222222
2017,10,CA,32.0,0.232776988636364
2017,11,CA,25.0,0.0957712121212121
2017,12,CA,23.0,0.183874615722442
2018,1,CA,20.0,0.0770090909090909
2018,2,CA,40.0,0.093125946969697
2018,3,CA,61.0,0.171309878645944
2018,4,CA,35.0,0.195612244897959
2018,5,CA,21.0,0.133037518037518
2018,6,CA,19.0,0.104618079289132
2018,7,CA,18.0,0.166228956228956
2018,8,CA,25.0,0.191486904761905
2018,9,CA,34.0,0.190370525103981
2018,10,CA,12.0,0.175306637806638
2018,11,CA,0.0,
2018,12,CA,0.0,
2019,1,CA,0.0,
2019,2,CA,0.0,
2019,3,CA,0.0,
2019,4,CA,0.0,
2019,5,CA,0.0,
2019,6,CA,26.0,0.144347666222666
2019,7,CA,53.0,0.116219720792834
2019,8,CA,0.0,
2019,9,CA,0.0,
2019,10,CA,0.0,
2019,11,CA,0.0,
2019,12,CA,0.0,
2020,1,CA,0.0,
2012,1,CO,0.0,
2012,2,CO,0.0,
2012,3,CO,0.0,
2012,4,CO,0.0,
2012,5,CO,0.0,
2012,6,CO,0.0,
2012,7,CO,0.0,
2012,8,CO,0.0,
2012,9,CO,0.0,
2012,10,CO,0.0,
2012,11,CO,0.0,
2012,12,CO,0.0,
2013,1,CO,0.0,
2013,2,CO,0.0,
2013,3,CO,0.0,
2013,4,CO,0.0,
2013,5,CO,0.0,
2013,6,CO,0.0,
2013,7,CO,0.0,
2013,8,CO,0.0,
2013,9,CO,0.0,
2013,10,CO,0.0,
2013,11,CO,0.0,
2013,12,CO,0.0,
2014,1,CO,0.0,
2014,2,CO,0.0,
2014,3,CO,0.0,
2014,4,CO,0.0,
2014,5,CO,0.0,
2014,6,CO,0.0,
2014,7,CO,0.0,
2014,8,CO,0.0,
2014,9,CO,0.0,
2014,10,CO,0.0,
2014,11,CO,0.0,
2014,12,CO,0.0,
2015,1,CO,0.0,
2015,2,CO,0.0,
2015,3,CO,0.0,
2015,4,CO,0.0,
2015,5,CO,0.0,
2015,6,CO,0.0,
2015,7,CO,0.0,
2015,8,CO,0.0,
2015,9,CO,0.0,
2015,10,CO,0.0,
2015,11,CO,0.0,
2015,12,CO,0.0,
2016,1,CO,0.0,
2016,2,CO,0.0,
2016,3,CO,0.0,
2016,4,CO,0.0,
2016,5,CO,0.0,
2016,6,CO,0.0,
2016,7,CO,0.0,
2016,8,CO,0.0,
2016,9,CO,0.0,
2016,10,CO,0.0,
2016,11,CO,0.0,
2016,12,CO,0.0,
2017,1,CO,0.0,
2017,2,CO,0.0,
2017,3,CO,0.0,
2017,4,CO,0.0,
2017,5,CO,0.0,
2017,6,CO,0.0,
2017,7,CO,7.0,0.0535714285714286
2017,8,CO,6.0,0.0916666666666667
2017,9,CO,8.0,0.03125
2017,10,CO,6.0,0.0
2017,11,CO,7.0,0.225714285714286
2017,12,CO,14.0,0.246984126984127
2018,1,CO,17.0,0.199313725490196
2018,2,CO,4.0,0.441666666666667
2018,3,CO,9.0,0.131944444444444
2018,4,CO,1.0,0.15
2018,5,CO,3.0,0.0297569444444444
2018,6,CO,7.0,0.0285714285714286
2018,7,CO,12.0,0.152118055555556
2018,8,CO,1.0,0.108333333333333
2018,9,CO,5.0,0.15575
2018,10,CO,2.0,0.0995833333333333
2018,11,CO,0.0,
2018,12,CO,0.0,
2019,1,CO,0.0,
2019,2,CO,0.0,
2019,3,CO,0.0,
2019,4,CO,0.0,
2019,5,CO,0.0,
2019,6,CO,2.0,0.0
2019,7,CO,5.0,0.337047619047619
2019,8,CO,0.0,
2019,9,CO,0.0,
2019,10,CO,0.0,
2019,11,CO,0.0,
2019,12,CO,0.0,
2020,1,CO,0.0,
2012,1,CT,0.0,
2012,2,CT,0.0,
2012,3,CT,0.0,
2012,4,CT,0.0,
2012,5,CT,0.0,
2012,6,CT,0.0,
2012,7,CT,0.0,
2012,8,CT,0.0,
2012,9,CT,0.0,
2012,10,CT,0.0,
2012,11,CT,0.0,
2012,12,CT,0.0,
2013,1,CT,0.0,
2013,2,CT,0.0,
2013,3,CT,0.0,
2013,4,CT,0.0,
2013,5,CT,0.0,
2013,6,CT,0.0,
2013,7,CT,0.0,
2013,8,CT,0.0,
2013,9,CT,0.0,
2013,10,CT,0.0,
2013,11,CT,0.0,
2013,12,CT,0.0,
2014,1,CT,0.0,
2014,2,CT,0.0,
2014,3,CT,0.0,
2014,4,CT,0.0,
2014,5,CT,0.0,
2014,6,CT,0.0,
2014,7,CT,0.0,
2014,8,CT,0.0,
2014,9,CT,0.0,
2014,10,CT,0.0,
2014,11,CT,0.0,
2014,12,CT,0.0,
2015,1,CT,0.0,
2015,2,CT,0.0,
2015,3,CT,0.0,
2015,4,CT,0.0,
2015,5,CT,0.0,
2015,6,CT,0.0,
2015,7,CT,0.0,
2015,8,CT,0.0,
2015,9,CT,0.0,
2015,10,CT,0.0,
2015,11,CT,0.0,
2015,12,CT,0.0,
2016,1,CT,0.0,
2016,2,CT,0.0,
2016,3,CT,0.0,
2016,4,CT,0.0,
2016,5,CT,0.0,
2016,6,CT,0.0,
2016,7,CT,0.0,
2016,8,CT,0.0,
2016,9,CT,0.0,
2016,10,CT,0.0,
2016,11,CT,0.0,
2016,12,CT,0.0,
2017,1,CT,0.0,
2017,2,CT,0.0,
2017,3,CT,0.0,
2017,4,CT,0.0,
2017,5,CT,0.0,
2017,6,CT,0.0,
2017,7,CT,7.0,0.0976190476190476
2017,8,CT,2.0,0.125
2017,9,CT,2.0,0.151515151515151
2017,10,CT,2.0,0.0625
2017,11,CT,1.0,0.175
2017,12,CT,8.0,0.1375
2018,1,CT,11.0,0.139307359307359
2018,2,CT,2.0,0.105555555555556
2018,3,CT,12.0,0.0965564738292011
2018,4,CT,6.0,0.177638888888889
2018,5,CT,5.0,0.133333333333333
2018,6,CT,3.0,0.158333333333333
2018,7,CT,7.0,0.0142857142857143
2018,8,CT,2.0,0.183630952380952
2018,9,CT,1.0,0.136363636363636
2018,10,CT,1.0,0.15625
2018,11,CT,0.0,
2018,12,CT,0.0,
2019,1,CT,0.0,
2019,2,CT,0.0,
2019,3,CT,0.0,
2019,4,CT,0.0,
2019,5,CT,0.0,
2019,6,CT,1.0,0.0
2019,7,CT,4.0,0.225334821428571
2019,8,CT,0.0,
2019,9,CT,0.0,
2019,10,CT,0.0,
2019,11,CT,0.0,
2019,12,CT,0.0,
2020,1,CT,0.0,
2012,1,DE,0.0,
2012,2,DE,0.0,
2012,3,DE,0.0,
2012,4,DE,0.0,
2012,5,DE,0.0,
2012,6,DE,0.0,
2012,7,DE,0.0,
2012,8,DE,0.0,
2012,9,DE,0.0,
2012,10,DE,0.0,
2012,11,DE,0.0,
2012,12,DE,0.0,
2013,1,DE,0.0,
2013,2,DE,0.0,
2013,3,DE,0.0,
2013,4,DE,0.0,
2013,5,DE,0.0,
2013,6,DE,0.0,
2013,7,DE,0.0,
2013,8,DE,0.0,
2013,9,DE,0.0,
2013,10,DE,0.0,
2013,11,DE,0.0,
2013,12,DE,0.0,
2014,1,DE,0.0,
2014,2,DE,0.0,
2014,3,DE,0.0,
2014,4,DE,0.0,
2014,5,DE,0.0,
2014,6,DE,0.0,
2014,7,DE,0.0,
2014,8,DE,0.0,
2014,9,DE,0.0,
2014,10,DE,0.0,
2014,11,DE,0.0,
2014,12,DE,0.0,
2015,1,DE,0.0,
2015,2,DE,0.0,
2015,3,DE,0.0,
2015,4,DE,0.0,
2015,5,DE,0.0,
2015,6,DE,0.0,
2015,7,DE,0.0,
2015,8,DE,0.0,
2015,9,DE,0.0,
2015,10,DE,0.0,
2015,11,DE,0.0,
2015,12,DE,0.0,
2016,1,DE,0.0,
2016,2,DE,0.0,
2016,3,DE,0.0,
2016,4,DE,0.0,
2016,5,DE,0.0,
2016,6,DE,0.0,
2016,7,DE,0.0,
2016,8,DE,0.0,
2016,9,DE,0.0,
2016,10,DE,0.0,
2016,11,DE,0.0,
2016,12,DE,0.0,
2017,1,DE,0.0,
2017,2,DE,0.0,
2017,3,DE,0.0,
2017,4,DE,0.0,
2017,5,DE,0.0,
2017,6,DE,0.0,
2017,7,DE,2.0,0.05
2017,8,DE,1.0,0.0
2017,9,DE,1.0,0.0
2017,10,DE,0.0,
2017,11,DE,1.0,0.166666666666667
2017,12,DE,0.0,
2018,1,DE,3.0,0.101944444444444
2018,2,DE,0.0,
2018,3,DE,7.0,0.0214285714285714
2018,4,DE,0.0,
2018,5,DE,3.0,0.175555555555556
2018,6,DE,1.0,0.43125
2018,7,DE,0.0,
2018,8,DE,1.0,0.0861111111111111
2018,9,DE,0.0,
2018,10,DE,1.0,0.0
2018,11,DE,0.0,
2018,12,DE,0.0,
2019,1,DE,0.0,
2019,2,DE,0.0,
2019,3,DE,0.0,
2019,4,DE,0.0,
2019,5,DE,0.0,
2019,6,DE,3.0,0.333611111111111
2019,7,DE,10.0,0.122541666666667
2019,8,DE,0.0,
2019,9,DE,0.0,
2019,10,DE,0.0,
2019,11,DE,0.0,
2019,12,DE,0.0,
2020,1,DE,0.0,
2012,1,FL,0.0,
2012,2,FL,0.0,
2012,3,FL,0.0,
2012,4,FL,0.0,
2012,5,FL,0.0,
2012,6,FL,0.0,
2012,7,FL,0.0,
2012,8,FL,0.0,
2012,9,FL,0.0,
2012,10,FL,0.0,
2012,11,FL,0.0,
2012,12,FL,0.0,
2013,1,FL,0.0,
2013,2,FL,0.0,
2013,3,FL,0.0,
2013,4,FL,0.0,
2013,5,FL,0.0,
2013,6,FL,0.0,
2013,7,FL,0.0,
2013,8,FL,0.0,
2013,9,FL,0.0,
2013,10,FL,0.0,
2013,11,FL,0.0,
2013,12,FL,0.0,
2014,1,FL,0.0,
2014,2,FL,0.0,
2014,3,FL,0.0,
2014,4,FL,0.0,
2014,5,FL,0.0,
2014,6,FL,0.0,
2014,7,FL,0.0,
2014,8,FL,0.0,
2014,9,FL,0.0,
2014,10,FL,0.0,
2014,11,FL,0.0,
2014,12,FL,0.0,
2015,1,FL,0.0,
2015,2,FL,0.0,
2015,3,FL,0.0,
2015,4,FL,0.0,
2015,5,FL,0.0,
2015,6,FL,0.0,
2015,7,FL,0.0,
2015,8,FL,0.0,
2015,9,FL,0.0,
2015,10,FL,0.0,
2015,11,FL,0.0,
2015,12,FL,0.0,
2016,1,FL,0.0,
2016,2,FL,0.0,
2016,3,FL,0.0,
2016,4,FL,0.0,
2016,5,FL,0.0,
2016,6,FL,0.0,
2016,7,FL,0.0,
2016,8,FL,0.0,
2016,9,FL,0.0,
2016,10,FL,0.0,
2016,11,FL,0.0,
2016,12,FL,0.0,
2017,1,FL,0.0,
2017,2,FL,0.0,
2017,3,FL,0.0,
2017,4,FL,0.0,
2017,5,FL,0.0,
2017,6,FL,0.0,
2017,7,FL,7.0,0.0
2017,8,FL,9.0,0.0488888888888889
2017,9,FL,6.0,0.125
2017,10,FL,17.0,0.192254901960784
2017,11,FL,3.0,0.0
2017,12,FL,6.0,0.108964646464646
2018,1,FL,9.0,0.134567901234568
2018,2,FL,5.0,0.0779671717171717
2018,3,FL,16.0,0.145461309523809
2018,4,FL,4.0,0.108333333333333
2018,5,FL,5.0,0.200416666666667
2018,6,FL,8.0,0.154943970959596
2018,7,FL,2.0,0.075
2018,8,FL,4.0,0.132291666666667
2018,9,FL,12.0,0.0452256944444444
2018,10,FL,1.0,0.177777777777778
2018,11,FL,0.0,
2018,12,FL,0.0,
2019,1,FL,0.0,
2019,2,FL,0.0,
2019,3,FL,0.0,
2019,4,FL,0.0,
2019,5,FL,0.0,
2019,6,FL,12.0,0.144917355371901
2019,7,FL,34.0,0.112634061200238
2019,8,FL,0.0,
2019,9,FL,0.0,
2019,10,FL,0.0,
2019,11,FL,0.0,
2019,12,FL,0.0,
2020,1,FL,0.0,
2012,1,GA,0.0,
2012,2,GA,0.0,
2012,3,GA,0.0,
2012,4,GA,0.0,
2012,5,GA,0.0,
2012,6,GA,0.0,
2012,7,GA,0.0,
2012,8,GA,0.0,
2012,9,GA,0.0,
2012,10,GA,0.0,
2012,11,GA,0.0,
2012,12,GA,0.0,
2013,1,GA,0.0,
2013,2,GA,0.0,
2013,3,GA,0.0,
2013,4,GA,0.0,
2013,5,GA,0.0,
2013,6,GA,0.0,
2013,7,GA,0.0,
2013,8,GA,0.0,
2013,9,GA,0.0,
2013,10,GA,0.0,
2013,11,GA,0.0,
2013,12,GA,0.0,
2014,1,GA,0.0,
2014,2,GA,0.0,
2014,3,GA,0.0,
2014,4,GA,0.0,
2014,5,GA,0.0,
2014,6,GA,0.0,
2014,7,GA,0.0,
2014,8,GA,0.0,
2014,9,GA,0.0,
2014,10,GA,0.0,
2014,11,GA,0.0,
2014,12,GA,0.0,
2015,1,GA,0.0,
2015,2,GA,0.0,
2015,3,GA,0.0,
2015,4,GA,0.0,
2015,5,GA,0.0,
2015,6,GA,0.0,
2015,7,GA,0.0,
2015,8,GA,0.0,
2015,9,GA,0.0,
2015,10,GA,0.0,
2015,11,GA,0.0,
2015,12,GA,0.0,
2016,1,GA,0.0,
2016,2,GA,0.0,
2016,3,GA,0.0,
2016,4,GA,0.0,
2016,5,GA,0.0,
2016,6,GA,0.0,
2016,7,GA,0.0,
2016,8,GA,0.0,
2016,9,GA,0.0,
2016,10,GA,0.0,
2016,11,GA,0.0,
2016,12,GA,0.0,
2017,1,GA,0.0,
2017,2,GA,0.0,
2017,3,GA,0.0,
2017,4,GA,0.0,
2017,5,GA,0.0,
2017,6,GA,0.0,
2017,7,GA,9.0,0.217592592592593
2017,8,GA,8.0,0.192438446969697
2017,9,GA,21.0,0.00649350649350649
2017,10,GA,6.0,0.19375
2017,11,GA,17.0,0.246662727591036
2017,12,GA,9.0,0.0509090909090909
2018,1,GA,10.0,0.156833333333333
2018,2,GA,11.0,0.139583333333333
2018,3,GA,10.0,0.145
2018,4,GA,1.0,0.2
2018,5,GA,7.0,0.111190476190476
2018,6,GA,4.0,0.0113636363636364
2018,7,GA,5.0,0.316
2018,8,GA,9.0,0.0864197530864197
2018,9,GA,14.0,0.282610544217687
2018,10,GA,5.0,0.0979166666666667
2018,11,GA,0.0,
2018,12,GA,0.0,
2019,1,GA,0.0,
2019,2,GA,0.0,
2019,3,GA,0.0,
2019,4,GA,0.0,
2019,5,GA,0.0,
2019,6,GA,5.0,0.144643939393939
2019,7,GA,18.0,0.146633397466731
2019,8,GA,0.0,
2019,9,GA,0.0,
2019,10,GA,0.0,
2019,11,GA,0.0,
2019,12,GA,0.0,
2020,1,GA,0.0,
2012,1,HI,0.0,
2012,2,HI,0.0,
2012,3,HI,0.0,
2012,4,HI,0.0,
2012,5,HI,0.0,
2012,6,HI,0.0,
2012,7,HI,0.0,
2012,8,HI,0.0,
2012,9,HI,0.0,
2012,10,HI,0.0,
2012,11,HI,0.0,
2012,12,HI,0.0,
2013,1,HI,0.0,
2013,2,HI,0.0,
2013,3,HI,0.0,
2013,4,HI,0.0,
2013,5,HI,0.0,
2013,6,HI,0.0,
2013,7,HI,0.0,
2013,8,HI,0.0,
2013,9,HI,0.0,
2013,10,HI,0.0,
2013,11,HI,0.0,
2013,12,HI,0.0,
2014,1,HI,0.0,
2014,2,HI,0.0,
2014,3,HI,0.0,
2014,4,HI,0.0,
2014,5,HI,0.0,
2014,6,HI,0.0,
2014,7,HI,0.0,
2014,8,HI,0.0,
2014,9,HI,0.0,
2014,10,HI,0.0,
2014,11,HI,0.0,
2014,12,HI,0.0,
2015,1,HI,0.0,
2015,2,HI,0.0,
2015,3,HI,0.0,
2015,4,HI,0.0,
2015,5,HI,0.0,
2015,6,HI,0.0,
2015,7,HI,0.0,
2015,8,HI,0.0,
2015,9,HI,0.0,
2015,10,HI,0.0,
2015,11,HI,0.0,
2015,12,HI,0.0,
2016,1,HI,0.0,
2016,2,HI,0.0,
2016,3,HI,0.0,
2016,4,HI,0.0,
2016,5,HI,0.0,
2016,6,HI,0.0,
2016,7,HI,0.0,
2016,8,HI,0.0,
2016,9,HI,0.0,
2016,10,HI,0.0,
2016,11,HI,0.0,
2016,12,HI,0.0,
2017,1,HI,0.0,
2017,2,HI,0.0,
2017,3,HI,0.0,
2017,4,HI,0.0,
2017,5,HI,0.0,
2017,6,HI,0.0,
2017,7,HI,0.0,
2017,8,HI,0.0,
2017,9,HI,5.0,0.0
2017,10,HI,0.0,
2017,11,HI,1.0,0.48
2017,12,HI,0.0,
2018,1,HI,0.0,
2018,2,HI,2.0,0.683333333333333
2018,3,HI,0.0,
2018,4,HI,1.0,0.238888888888889
2018,5,HI,0.0,
2018,6,HI,0.0,
2018,7,HI,2.0,0.275
2018,8,HI,0.0,
2018,9,HI,6.0,0.0694444444444444
2018,10,HI,0.0,
2018,11,HI,0.0,
2018,12,HI,0.0,
2019,1,HI,0.0,
2019,2,HI,0.0,
2019,3,HI,0.0,
2019,4,HI,0.0,
2019,5,HI,0.0,
2019,6,HI,1.0,0.183333333333333
2019,7,HI,0.0,
2019,8,HI,0.0,
2019,9,HI,0.0,
2019,10,HI,0.0,
2019,11,HI,0.0,
2019,12,HI,0.0,
2020,1,HI,0.0,
2012,1,ID,0.0,
2012,2,ID,0.0,
2012,3,ID,0.0,
2012,4,ID,0.0,
2012,5,ID,0.0,
2012,6,ID,0.0,
2012,7,ID,0.0,
2012,8,ID,0.0,
2012,9,ID,0.0,
2012,10,ID,0.0,
2012,11,ID,0.0,
2012,12,ID,0.0,
2013,1,ID,0.0,
2013,2,ID,0.0,
2013,3,ID,0.0,
2013,4,ID,0.0,
2013,5,ID,0.0,
2013,6,ID,0.0,
2013,7,ID,0.0,
2013,8,ID,0.0,
2013,9,ID,0.0,
2013,10,ID,0.0,
2013,11,ID,0.0,
2013,12,ID,0.0,
2014,1,ID,0.0,
2014,2,ID,0.0,
2014,3,ID,0.0,
2014,4,ID,0.0,
2014,5,ID,0.0,
2014,6,ID,0.0,
2014,7,ID,0.0,
2014,8,ID,0.0,
2014,9,ID,0.0,
2014,10,ID,0.0,
2014,11,ID,0.0,
2014,12,ID,0.0,
2015,1,ID,0.0,
2015,2,ID,0.0,
2015,3,ID,0.0,
2015,4,ID,0.0,
2015,5,ID,0.0,
2015,6,ID,0.0,
2015,7,ID,0.0,
2015,8,ID,0.0,
2015,9,ID,0.0,
2015,10,ID,0.0,
2015,11,ID,0.0,
2015,12,ID,0.0,
2016,1,ID,0.0,
2016,2,ID,0.0,
2016,3,ID,0.0,
2016,4,ID,0.0,
2016,5,ID,0.0,
2016,6,ID,0.0,
2016,7,ID,0.0,
2016,8,ID,0.0,
2016,9,ID,0.0,
2016,10,ID,0.0,
2016,11,ID,0.0,
2016,12,ID,0.0,
2017,1,ID,0.0,
2017,2,ID,0.0,
2017,3,ID,0.0,
2017,4,ID,0.0,
2017,5,ID,0.0,
2017,6,ID,0.0,
2017,7,ID,0.0,
2017,8,ID,0.0,
2017,9,ID,0.0,
2017,10,ID,0.0,
2017,11,ID,0.0,
2017,12,ID,0.0,
2018,1,ID,0.0,
2018,2,ID,0.0,
2018,3,ID,1.0,0.15
2018,4,ID,0.0,
2018,5,ID,0.0,
2018,6,ID,0.0,
2018,7,ID,0.0,
2018,8,ID,2.0,0.1125
2018,9,ID,2.0,0.1125
2018,10,ID,0.0,
2018,11,ID,0.0,
2018,12,ID,0.0,
2019,1,ID,0.0,
2019,2,ID,0.0,
2019,3,ID,0.0,
2019,4,ID,0.0,
2019,5,ID,0.0,
2019,6,ID,7.0,0.146428571428571
2019,7,ID,0.0,
2019,8,ID,0.0,
2019,9,ID,0.0,
2019,10,ID,0.0,
2019,11,ID,0.0,
2019,12,ID,0.0,
2020,1,ID,0.0,
2012,1,IL,0.0,
2012,2,IL,0.0,
2012,3,IL,0.0,
2012,4,IL,0.0,
2012,5,IL,0.0,
2012,6,IL,0.0,
2012,7,IL,0.0,
2012,8,IL,0.0,
2012,9,IL,0.0,
2012,10,IL,0.0,
2012,11,IL,0.0,
2012,12,IL,0.0,
2013,1,IL,0.0,
2013,2,IL,0.0,
2013,3,IL,0.0,
2013,4,IL,0.0,
2013,5,IL,0.0,
2013,6,IL,0.0,
2013,7,IL,0.0,
2013,8,IL,0.0,
2013,9,IL,0.0,
2013,10,IL,0.0,
2013,11,IL,0.0,
2013,12,IL,0.0,
2014,1,IL,0.0,
2014,2,IL,0.0,
2014,3,IL,0.0,
2014,4,IL,0.0,
2014,5,IL,0.0,
2014,6,IL,0.0,
2014,7,IL,0.0,
2014,8,IL,0.0,
2014,9,IL,0.0,
2014,10,IL,0.0,
2014,11,IL,0.0,
2014,12,IL,0.0,
2015,1,IL,0.0,
2015,2,IL,0.0,
2015,3,IL,0.0,
2015,4,IL,0.0,
2015,5,IL,0.0,
2015,6,IL,0.0,
2015,7,IL,0.0,
2015,8,IL,0.0,
2015,9,IL,0.0,
2015,10,IL,0.0,
2015,11,IL,0.0,
2015,12,IL,0.0,
2016,1,IL,0.0,
2016,2,IL,0.0,
2016,3,IL,0.0,
2016,4,IL,0.0,
2016,5,IL,0.0,
2016,6,IL,0.0,
2016,7,IL,0.0,
2016,8,IL,0.0,
2016,9,IL,0.0,
2016,10,IL,0.0,
2016,11,IL,0.0,
2016,12,IL,0.0,
2017,1,IL,0.0,
2017,2,IL,0.0,
2017,3,IL,0.0,
2017,4,IL,0.0,
2017,5,IL,0.0,
2017,6,IL,0.0,
2017,7,IL,9.0,0.0955387205387205
2017,8,IL,20.0,0.1325
2017,9,IL,2.0,0.0
2017,10,IL,6.0,0.0875
2017,11,IL,4.0,0.105553977272727
2017,12,IL,5.0,0.0408333333333333
2018,1,IL,6.0,-0.00375
2018,2,IL,9.0,0.069760101010101
2018,3,IL,20.0,0.17125
2018,4,IL,15.0,0.105611111111111
2018,5,IL,12.0,0.133553240740741
2018,6,IL,5.0,0.0586363636363636
2018,7,IL,8.0,0.111590909090909
2018,8,IL,4.0,0.344389204545455
2018,9,IL,9.0,0.0331018518518519
2018,10,IL,5.0,0.165
2018,11,IL,0.0,
2018,12,IL,0.0,
2019,1,IL,0.0,
2019,2,IL,0.0,
2019,3,IL,0.0,
2019,4,IL,0.0,
2019,5,IL,0.0,
2019,6,IL,7.0,0.262343674843675
2019,7,IL,19.0,0.193748538011696
2019,8,IL,0.0,
2019,9,IL,0.0,
2019,10,IL,0.0,
2019,11,IL,0.0,
2019,12,IL,0.0,
2020,1,IL,0.0,
2012,1,IN,0.0,
2012,2,IN,0.0,
2012,3,IN,0.0,
2012,4,IN,0.0,
2012,5,IN,0.0,
2012,6,IN,0.0,
2012,7,IN,0.0,
2012,8,IN,0.0,
2012,9,IN,0.0,
2012,10,IN,0.0,
2012,11,IN,0.0,
2012,12,IN,0.0,
2013,1,IN,0.0,
2013,2,IN,0.0,
2013,3,IN,0.0,
2013,4,IN,0.0,
2013,5,IN,0.0,
2013,6,IN,0.0,
2013,7,IN,0.0,
2013,8,IN,0.0,
2013,9,IN,0.0,
2013,10,IN,0.0,
2013,11,IN,0.0,
2013,12,IN,0.0,
2014,1,IN,0.0,
2014,2,IN,0.0,
2014,3,IN,0.0,
2014,4,IN,0.0,
2014,5,IN,0.0,
2014,6,IN,0.0,
2014,7,IN,0.0,
2014,8,IN,0.0,
2014,9,IN,0.0,
2014,10,IN,0.0,
2014,11,IN,0.0,
2014,12,IN,0.0,
2015,1,IN,0.0,
2015,2,IN,0.0,
2015,3,IN,0.0,
2015,4,IN,0.0,
2015,5,IN,0.0,
2015,6,IN,0.0,
2015,7,IN,0.0,
2015,8,IN,0.0,
2015,9,IN,0.0,
2015,10,IN,0.0,
2015,11,IN,0.0,
2015,12,IN,0.0,
2016,1,IN,0.0,
2016,2,IN,0.0,
2016,3,IN,0.0,
2016,4,IN,0.0,
2016,5,IN,0.0,
2016,6,IN,0.0,
2016,7,IN,0.0,
2016,8,IN,0.0,
2016,9,IN,0.0,
2016,10,IN,0.0,
2016,11,IN,0.0,
2016,12,IN,0.0,
2017,1,IN,0.0,
2017,2,IN,0.0,
2017,3,IN,0.0,
2017,4,IN,0.0,
2017,5,IN,0.0,
2017,6,IN,0.0,
2017,7,IN,7.0,0.0669642857142857
2017,8,IN,8.0,0.0812689393939394
2017,9,IN,8.0,0.1703125
2017,10,IN,2.0,0.03
2017,11,IN,10.0,0.0
2017,12,IN,6.0,0.275
2018,1,IN,5.0,0.02
2018,2,IN,10.0,0.215
2018,3,IN,16.0,0.111979166666667
2018,4,IN,1.0,0.162222222222222
2018,5,IN,6.0,0.311313131313131
2018,6,IN,5.0,0.134090909090909
2018,7,IN,39.0,0.190887237762238
2018,8,IN,2.0,0.11375
2018,9,IN,12.0,0.0199652777777778
2018,10,IN,1.0,0.0
2018,11,IN,0.0,
2018,12,IN,0.0,
2019,1,IN,0.0,
2019,2,IN,0.0,
2019,3,IN,0.0,
2019,4,IN,0.0,
2019,5,IN,0.0,
2019,6,IN,10.0,0.300883597883598
2019,7,IN,7.0,0.161038961038961
2019,8,IN,0.0,
2019,9,IN,0.0,
2019,10,IN,0.0,
2019,11,IN,0.0,
2019,12,IN,0.0,
2020,1,IN,0.0,
2012,1,IA,0.0,
2012,2,IA,0.0,
2012,3,IA,0.0,
2012,4,IA,0.0,
2012,5,IA,0.0,
2012,6,IA,0.0,
2012,7,IA,0.0,
2012,8,IA,0.0,
2012,9,IA,0.0,
2012,10,IA,0.0,
2012,11,IA,0.0,
2012,12,IA,0.0,
2013,1,IA,0.0,
2013,2,IA,0.0,
2013,3,IA,0.0,
2013,4,IA,0.0,
2013,5,IA,0.0,
2013,6,IA,0.0,
2013,7,IA,0.0,
2013,8,IA,0.0,
2013,9,IA,0.0,
2013,10,IA,0.0,
2013,11,IA,0.0,
2013,12,IA,0.0,
2014,1,IA,0.0,
2014,2,IA,0.0,
2014,3,IA,0.0,
2014,4,IA,0.0,
2014,5,IA,0.0,
2014,6,IA,0.0,
2014,7,IA,0.0,
2014,8,IA,0.0,
2014,9,IA,0.0,
2014,10,IA,0.0,
2014,11,IA,0.0,
2014,12,IA,0.0,
2015,1,IA,0.0,
2015,2,IA,0.0,
2015,3,IA,0.0,
2015,4,IA,0.0,
2015,5,IA,0.0,
2015,6,IA,0.0,
2015,7,IA,0.0,
2015,8,IA,0.0,
2015,9,IA,0.0,
2015,10,IA,0.0,
2015,11,IA,0.0,
2015,12,IA,0.0,
2016,1,IA,0.0,
2016,2,IA,0.0,
2016,3,IA,0.0,
2016,4,IA,0.0,
2016,5,IA,0.0,
2016,6,IA,0.0,
2016,7,IA,0.0,
2016,8,IA,0.0,
2016,9,IA,0.0,
2016,10,IA,0.0,
2016,11,IA,0.0,
2016,12,IA,0.0,
2017,1,IA,0.0,
2017,2,IA,0.0,
2017,3,IA,0.0,
2017,4,IA,0.0,
2017,5,IA,0.0,
2017,6,IA,0.0,
2017,7,IA,10.0,0.0751515151515151
2017,8,IA,13.0,0.217657342657343
2017,9,IA,33.0,0.0242079889807162
2017,10,IA,22.0,0.0931818181818182
2017,11,IA,8.0,0.130208333333333
2017,12,IA,14.0,0.138382936507937
2018,1,IA,3.0,0.268055555555556
2018,2,IA,1.0,0.0
2018,3,IA,9.0,0.211111111111111
2018,4,IA,2.0,0.0
2018,5,IA,4.0,0.210227272727273
2018,6,IA,7.0,0.107873376623377
2018,7,IA,3.0,0.1
2018,8,IA,0.0,
2018,9,IA,4.0,-0.102708333333333
2018,10,IA,10.0,0.0512121212121212
2018,11,IA,0.0,
2018,12,IA,0.0,
2019,1,IA,0.0,
2019,2,IA,0.0,
2019,3,IA,0.0,
2019,4,IA,0.0,
2019,5,IA,0.0,
2019,6,IA,5.0,0.119280303030303
2019,7,IA,15.0,0.149458333333333
2019,8,IA,0.0,
2019,9,IA,0.0,
2019,10,IA,0.0,
2019,11,IA,0.0,
2019,12,IA,0.0,
2020,1,IA,0.0,
2012,1,KS,0.0,
2012,2,KS,0.0,
2012,3,KS,0.0,
2012,4,KS,0.0,
2012,5,KS,0.0,
2012,6,KS,0.0,
2012,7,KS,0.0,
2012,8,KS,0.0,
2012,9,KS,0.0,
2012,10,KS,0.0,
2012,11,KS,0.0,
2012,12,KS,0.0,
2013,1,KS,0.0,
2013,2,KS,0.0,
2013,3,KS,0.0,
2013,4,KS,0.0,
2013,5,KS,0.0,
2013,6,KS,0.0,
2013,7,KS,0.0,
2013,8,KS,0.0,
2013,9,KS,0.0,
2013,10,KS,0.0,
2013,11,KS,0.0,
2013,12,KS,0.0,
2014,1,KS,0.0,
2014,2,KS,0.0,
2014,3,KS,0.0,
2014,4,KS,0.0,
2014,5,KS,0.0,
2014,6,KS,0.0,
2014,7,KS,0.0,
2014,8,KS,0.0,
2014,9,KS,0.0,
2014,10,KS,0.0,
2014,11,KS,0.0,
2014,12,KS,0.0,
2015,1,KS,0.0,
2015,2,KS,0.0,
2015,3,KS,0.0,
2015,4,KS,0.0,
2015,5,KS,0.0,
2015,6,KS,0.0,
2015,7,KS,0.0,
2015,8,KS,0.0,
2015,9,KS,0.0,
2015,10,KS,0.0,
2015,11,KS,0.0,
2015,12,KS,0.0,
2016,1,KS,0.0,
2016,2,KS,0.0,
2016,3,KS,0.0,
2016,4,KS,0.0,
2016,5,KS,0.0,
2016,6,KS,0.0,
2016,7,KS,0.0,
2016,8,KS,0.0,
2016,9,KS,0.0,
2016,10,KS,0.0,
2016,11,KS,0.0,
2016,12,KS,0.0,
2017,1,KS,0.0,
2017,2,KS,0.0,
2017,3,KS,0.0,
2017,4,KS,0.0,
2017,5,KS,0.0,
2017,6,KS,0.0,
2017,7,KS,4.0,0.08125
2017,8,KS,9.0,0.0659722222222222
2017,9,KS,8.0,0.141003787878788
2017,10,KS,8.0,0.110243055555556
2017,11,KS,4.0,0.236111111111111
2017,12,KS,0.0,
2018,1,KS,11.0,0.0681818181818182
2018,2,KS,6.0,0.130208333333333
2018,3,KS,14.0,0.100519609358895
2018,4,KS,1.0,0.416666666666667
2018,5,KS,8.0,0.0275
2018,6,KS,3.0,0.166666666666667
2018,7,KS,2.0,0.201060606060606
2018,8,KS,10.0,0.275931919642857
2018,9,KS,1.0,0.0166666666666667
2018,10,KS,1.0,0.0
2018,11,KS,0.0,
2018,12,KS,0.0,
2019,1,KS,0.0,
2019,2,KS,0.0,
2019,3,KS,0.0,
2019,4,KS,0.0,
2019,5,KS,0.0,
2019,6,KS,0.0,
2019,7,KS,6.0,0.0958333333333333
2019,8,KS,0.0,
2019,9,KS,0.0,
2019,10,KS,0.0,
2019,11,KS,0.0,
2019,12,KS,0.0,
2020,1,KS,0.0,
2012,1,KY,0.0,
2012,2,KY,0.0,
2012,3,KY,0.0,
2012,4,KY,0.0,
2012,5,KY,0.0,
2012,6,KY,0.0,
2012,7,KY,0.0,
2012,8,KY,0.0,
2012,9,KY,0.0,
2012,10,KY,0.0,
2012,11,KY,0.0,
2012,12,KY,0.0,
2013,1,KY,0.0,
2013,2,KY,0.0,
2013,3,KY,0.0,
2013,4,KY,0.0,
2013,5,KY,0.0,
2013,6,KY,0.0,
2013,7,KY,0.0,
2013,8,KY,0.0,
2013,9,KY,0.0,
2013,10,KY,0.0,
2013,11,KY,0.0,
2013,12,KY,0.0,
2014,1,KY,0.0,
2014,2,KY,0.0,
2014,3,KY,0.0,
2014,4,KY,0.0,
2014,5,KY,0.0,
2014,6,KY,0.0,
2014,7,KY,0.0,
2014,8,KY,0.0,
2014,9,KY,0.0,
2014,10,KY,0.0,
2014,11,KY,0.0,
2014,12,KY,0.0,
2015,1,KY,0.0,
2015,2,KY,0.0,
2015,3,KY,0.0,
2015,4,KY,0.0,
2015,5,KY,0.0,
2015,6,KY,0.0,
2015,7,KY,0.0,
2015,8,KY,0.0,
2015,9,KY,0.0,
2015,10,KY,0.0,
2015,11,KY,0.0,
2015,12,KY,0.0,
2016,1,KY,0.0,
2016,2,KY,0.0,
2016,3,KY,0.0,
2016,4,KY,0.0,
2016,5,KY,0.0,
2016,6,KY,0.0,
2016,7,KY,0.0,
2016,8,KY,0.0,
2016,9,KY,0.0,
2016,10,KY,0.0,
2016,11,KY,0.0,
2016,12,KY,0.0,
2017,1,KY,0.0,
2017,2,KY,0.0,
2017,3,KY,0.0,
2017,4,KY,0.0,
2017,5,KY,0.0,
2017,6,KY,0.0,
2017,7,KY,7.0,0.0904761904761905
2017,8,KY,10.0,0.241969696969697
2017,9,KY,23.0,0.256702898550725
2017,10,KY,5.0,0.2
2017,11,KY,11.0,0.102727272727273
2017,12,KY,2.0,0.0
2018,1,KY,13.0,0.138942307692308
2018,2,KY,6.0,0.116098484848485
2018,3,KY,8.0,0.1546875
2018,4,KY,11.0,0.0913257575757576
2018,5,KY,14.0,0.11655505952381
2018,6,KY,10.0,0.13
2018,7,KY,6.0,0.129640151515152
2018,8,KY,6.0,0.0749537037037037
2018,9,KY,7.0,0.188511904761905
2018,10,KY,4.0,0.213333333333333
2018,11,KY,0.0,
2018,12,KY,0.0,
2019,1,KY,0.0,
2019,2,KY,0.0,
2019,3,KY,0.0,
2019,4,KY,0.0,
2019,5,KY,0.0,
2019,6,KY,4.0,0.241619318181818
2019,7,KY,7.0,0.125487012987013
2019,8,KY,0.0,
2019,9,KY,0.0,
2019,10,KY,0.0,
2019,11,KY,0.0,
2019,12,KY,0.0,
2020,1,KY,0.0,
2012,1,LA,0.0,
2012,2,LA,0.0,
2012,3,LA,0.0,
2012,4,LA,0.0,
2012,5,LA,0.0,
2012,6,LA,0.0,
2012,7,LA,0.0,
2012,8,LA,0.0,
2012,9,LA,0.0,
2012,10,LA,0.0,
2012,11,LA,0.0,
2012,12,LA,0.0,
2013,1,LA,0.0,
2013,2,LA,0.0,
2013,3,LA,0.0,
2013,4,LA,0.0,
2013,5,LA,0.0,
2013,6,LA,0.0,
2013,7,LA,0.0,
2013,8,LA,0.0,
2013,9,LA,0.0,
2013,10,LA,0.0,
2013,11,LA,0.0,
2013,12,LA,0.0,
2014,1,LA,0.0,
2014,2,LA,0.0,
2014,3,LA,0.0,
2014,4,LA,0.0,
2014,5,LA,0.0,
2014,6,LA,0.0,
2014,7,LA,0.0,
2014,8,LA,0.0,
2014,9,LA,0.0,
2014,10,LA,0.0,
2014,11,LA,0.0,
2014,12,LA,0.0,
2015,1,LA,0.0,
2015,2,LA,0.0,
2015,3,LA,0.0,
2015,4,LA,0.0,
2015,5,LA,0.0,
2015,6,LA,0.0,
2015,7,LA,0.0,
2015,8,LA,0.0,
2015,9,LA,0.0,
2015,10,LA,0.0,
2015,11,LA,0.0,
2015,12,LA,0.0,
2016,1,LA,0.0,
2016,2,LA,0.0,
2016,3,LA,0.0,
2016,4,LA,0.0,
2016,5,LA,0.0,
2016,6,LA,0.0,
2016,7,LA,0.0,
2016,8,LA,0.0,
2016,9,LA,0.0,
2016,10,LA,0.0,
2016,11,LA,0.0,
2016,12,LA,0.0,
2017,1,LA,0.0,
2017,2,LA,0.0,
2017,3,LA,0.0,
2017,4,LA,0.0,
2017,5,LA,0.0,
2017,6,LA,0.0,
2017,7,LA,2.0,0.0
2017,8,LA,10.0,0.0257575757575758
2017,9,LA,2.0,0.125
2017,10,LA,7.0,0.0986607142857143
2017,11,LA,2.0,0.333333333333333
2017,12,LA,3.0,0.0490740740740741
2018,1,LA,4.0,0.11875
2018,2,LA,2.0,-0.117777777777778
2018,3,LA,2.0,0.175555555555556
2018,4,LA,1.0,0.233333333333333
2018,5,LA,1.0,0.05
2018,6,LA,1.0,0.0944444444444444
2018,7,LA,0.0,
2018,8,LA,4.0,0.125625
2018,9,LA,3.0,0.122685185185185
2018,10,LA,0.0,
2018,11,LA,0.0,
2018,12,LA,0.0,
2019,1,LA,0.0,
2019,2,LA,0.0,
2019,3,LA,0.0,
2019,4,LA,0.0,
2019,5,LA,0.0,
2019,6,LA,3.0,0.163825757575758
2019,7,LA,1.0,0.0666666666666667
2019,8,LA,0.0,
2019,9,LA,0.0,
2019,10,LA,0.0,
2019,11,LA,0.0,
2019,12,LA,0.0,
2020,1,LA,0.0,
2012,1,ME,0.0,
2012,2,ME,0.0,
2012,3,ME,0.0,
2012,4,ME,0.0,
2012,5,ME,0.0,
2012,6,ME,0.0,
2012,7,ME,0.0,
2012,8,ME,0.0,
2012,9,ME,0.0,
2012,10,ME,0.0,
2012,11,ME,0.0,
2012,12,ME,0.0,
2013,1,ME,0.0,
2013,2,ME,0.0,
2013,3,ME,0.0,
2013,4,ME,0.0,
2013,5,ME,0.0,
2013,6,ME,0.0,
2013,7,ME,0.0,
2013,8,ME,0.0,
2013,9,ME,0.0,
2013,10,ME,0.0,
2013,11,ME,0.0,
2013,12,ME,0.0,
2014,1,ME,0.0,
2014,2,ME,0.0,
2014,3,ME,0.0,
2014,4,ME,0.0,
2014,5,ME,0.0,
2014,6,ME,0.0,
2014,7,ME,0.0,
2014,8,ME,0.0,
2014,9,ME,0.0,
2014,10,ME,0.0,
2014,11,ME,0.0,
2014,12,ME,0.0,
2015,1,ME,0.0,
2015,2,ME,0.0,
2015,3,ME,0.0,
2015,4,ME,0.0,
2015,5,ME,0.0,
2015,6,ME,0.0,
2015,7,ME,0.0,
2015,8,ME,0.0,
2015,9,ME,0.0,
2015,10,ME,0.0,
2015,11,ME,0.0,
2015,12,ME,0.0,
2016,1,ME,0.0,
2016,2,ME,0.0,
2016,3,ME,0.0,
2016,4,ME,0.0,
2016,5,ME,0.0,
2016,6,ME,0.0,
2016,7,ME,0.0,
2016,8,ME,0.0,
2016,9,ME,0.0,
2016,10,ME,0.0,
2016,11,ME,0.0,
2016,12,ME,0.0,
2017,1,ME,0.0,
2017,2,ME,0.0,
2017,3,ME,0.0,
2017,4,ME,0.0,
2017,5,ME,0.0,
2017,6,ME,0.0,
2017,7,ME,1.0,0.5
2017,8,ME,0.0,
2017,9,ME,0.0,
2017,10,ME,1.0,-0.0833333333333333
2017,11,ME,0.0,
2017,12,ME,0.0,
2018,1,ME,0.0,
2018,2,ME,0.0,
2018,3,ME,4.0,0.2375
2018,4,ME,2.0,0.166060606060606
2018,5,ME,0.0,
2018,6,ME,7.0,0.225198412698413
2018,7,ME,1.0,0.09
2018,8,ME,0.0,
2018,9,ME,0.0,
2018,10,ME,1.0,0.425
2018,11,ME,0.0,
2018,12,ME,0.0,
2019,1,ME,0.0,
2019,2,ME,0.0,
2019,3,ME,0.0,
2019,4,ME,0.0,
2019,5,ME,0.0,
2019,6,ME,1.0,0.0
2019,7,ME,3.0,0.141666666666667
2019,8,ME,0.0,
2019,9,ME,0.0,
2019,10,ME,0.0,
2019,11,ME,0.0,
2019,12,ME,0.0,
2020,1,ME,0.0,
2012,1,MD,0.0,
2012,2,MD,0.0,
2012,3,MD,0.0,
2012,4,MD,0.0,
2012,5,MD,0.0,
2012,6,MD,0.0,
2012,7,MD,0.0,
2012,8,MD,0.0,
2012,9,MD,0.0,
2012,10,MD,0.0,
2012,11,MD,0.0,
2012,12,MD,0.0,
2013,1,MD,0.0,
2013,2,MD,0.0,
2013,3,MD,0.0,
2013,4,MD,0.0,
2013,5,MD,0.0,
2013,6,MD,0.0,
2013,7,MD,0.0,
2013,8,MD,0.0,
2013,9,MD,0.0,
2013,10,MD,0.0,
2013,11,MD,0.0,
2013,12,MD,0.0,
2014,1,MD,0.0,
2014,2,MD,0.0,
2014,3,MD,0.0,
2014,4,MD,0.0,
2014,5,MD,0.0,
2014,6,MD,0.0,
2014,7,MD,0.0,
2014,8,MD,0.0,
2014,9,MD,0.0,
2014,10,MD,0.0,
2014,11,MD,0.0,
2014,12,MD,0.0,
2015,1,MD,0.0,
2015,2,MD,0.0,
2015,3,MD,0.0,
2015,4,MD,0.0,
2015,5,MD,0.0,
2015,6,MD,0.0,
2015,7,MD,0.0,
2015,8,MD,0.0,
2015,9,MD,0.0,
2015,10,MD,0.0,
2015,11,MD,0.0,
2015,12,MD,0.0,
2016,1,MD,0.0,
2016,2,MD,0.0,
2016,3,MD,0.0,
2016,4,MD,0.0,
2016,5,MD,0.0,
2016,6,MD,0.0,
2016,7,MD,0.0,
2016,8,MD,0.0,
2016,9,MD,0.0,
2016,10,MD,0.0,
2016,11,MD,0.0,
2016,12,MD,0.0,
2017,1,MD,0.0,
2017,2,MD,0.0,
2017,3,MD,0.0,
2017,4,MD,0.0,
2017,5,MD,0.0,
2017,6,MD,0.0,
2017,7,MD,31.0,0.188736559139785
2017,8,MD,10.0,0.12675
2017,9,MD,26.0,0.0534134615384615
2017,10,MD,32.0,0.182194602272727
2017,11,MD,19.0,0.206222801321486
2017,12,MD,45.0,0.0975814814814815
2018,1,MD,28.0,0.134672619047619
2018,2,MD,24.0,0.135590277777778
2018,3,MD,14.0,0.127226345083488
2018,4,MD,8.0,0.0458333333333333
2018,5,MD,7.0,0.0637445887445887
2018,6,MD,12.0,0.190361952861953
2018,7,MD,11.0,-0.00447658402203857
2018,8,MD,4.0,0.2425
2018,9,MD,9.0,0.134691358024691
2018,10,MD,8.0,0.168402777777778
2018,11,MD,0.0,
2018,12,MD,0.0,
2019,1,MD,0.0,
2019,2,MD,0.0,
2019,3,MD,0.0,
2019,4,MD,0.0,
2019,5,MD,0.0,
2019,6,MD,9.0,0.063510101010101
2019,7,MD,21.0,0.0685822510822511
2019,8,MD,0.0,
2019,9,MD,0.0,
2019,10,MD,0.0,
2019,11,MD,0.0,
2019,12,MD,0.0,
2020,1,MD,0.0,
2012,1,MA,0.0,
2012,2,MA,0.0,
2012,3,MA,0.0,
2012,4,MA,0.0,
2012,5,MA,0.0,
2012,6,MA,0.0,
2012,7,MA,0.0,
2012,8,MA,0.0,
2012,9,MA,0.0,
2012,10,MA,0.0,
2012,11,MA,0.0,
2012,12,MA,0.0,
2013,1,MA,0.0,
2013,2,MA,0.0,
2013,3,MA,0.0,
2013,4,MA,0.0,
2013,5,MA,0.0,
2013,6,MA,0.0,
2013,7,MA,0.0,
2013,8,MA,0.0,
2013,9,MA,0.0,
2013,10,MA,0.0,
2013,11,MA,0.0,
2013,12,MA,0.0,
2014,1,MA,0.0,
2014,2,MA,0.0,
2014,3,MA,0.0,
2014,4,MA,0.0,
2014,5,MA,0.0,
2014,6,MA,0.0,
2014,7,MA,0.0,
2014,8,MA,0.0,
2014,9,MA,0.0,
2014,10,MA,0.0,
2014,11,MA,0.0,
2014,12,MA,0.0,
2015,1,MA,0.0,
2015,2,MA,0.0,
2015,3,MA,0.0,
2015,4,MA,0.0,
2015,5,MA,0.0,
2015,6,MA,0.0,
2015,7,MA,0.0,
2015,8,MA,0.0,
2015,9,MA,0.0,
2015,10,MA,0.0,
2015,11,MA,0.0,
2015,12,MA,0.0,
2016,1,MA,0.0,
2016,2,MA,0.0,
2016,3,MA,0.0,
2016,4,MA,0.0,
2016,5,MA,0.0,
2016,6,MA,0.0,
2016,7,MA,0.0,
2016,8,MA,0.0,
2016,9,MA,0.0,
2016,10,MA,0.0,
2016,11,MA,0.0,
2016,12,MA,0.0,
2017,1,MA,0.0,
2017,2,MA,0.0,
2017,3,MA,0.0,
2017,4,MA,0.0,
2017,5,MA,0.0,
2017,6,MA,0.0,
2017,7,MA,11.0,0.2360360094451
2017,8,MA,26.0,0.140399184149184
2017,9,MA,7.0,0.178095238095238
2017,10,MA,10.0,0.169083333333333
2017,11,MA,15.0,0.204545454545455
2017,12,MA,4.0,0.235416666666667
2018,1,MA,7.0,0.107142857142857
2018,2,MA,28.0,0.0396875
2018,3,MA,18.0,0.126111111111111
2018,4,MA,2.0,0.129166666666667
2018,5,MA,4.0,0.212981060606061
2018,6,MA,4.0,0.125
2018,7,MA,14.0,0.149867424242424
2018,8,MA,9.0,0.0203703703703704
2018,9,MA,0.0,
2018,10,MA,7.0,0.241428571428571
2018,11,MA,0.0,
2018,12,MA,0.0,
2019,1,MA,0.0,
2019,2,MA,0.0,
2019,3,MA,0.0,
2019,4,MA,0.0,
2019,5,MA,0.0,
2019,6,MA,5.0,0.162450505050505
2019,7,MA,10.0,0.220018181818182
2019,8,MA,0.0,
2019,9,MA,0.0,
2019,10,MA,0.0,
2019,11,MA,0.0,
2019,12,MA,0.0,
2020,1,MA,0.0,
2012,1,MI,0.0,
2012,2,MI,0.0,
2012,3,MI,0.0,
2012,4,MI,0.0,
2012,5,MI,0.0,
2012,6,MI,0.0,
2012,7,MI,0.0,
2012,8,MI,0.0,
2012,9,MI,0.0,
2012,10,MI,0.0,
2012,11,MI,0.0,
2012,12,MI,0.0,
2013,1,MI,0.0,
2013,2,MI,0.0,
2013,3,MI,0.0,
2013,4,MI,0.0,
2013,5,MI,0.0,
2013,6,MI,0.0,
2013,7,MI,0.0,
2013,8,MI,0.0,
2013,9,MI,0.0,
2013,10,MI,0.0,
2013,11,MI,0.0,
2013,12,MI,0.0,
2014,1,MI,0.0,
2014,2,MI,0.0,
2014,3,MI,0.0,
2014,4,MI,0.0,
2014,5,MI,0.0,
2014,6,MI,0.0,
2014,7,MI,0.0,
2014,8,MI,0.0,
2014,9,MI,0.0,
2014,10,MI,0.0,
2014,11,MI,0.0,
2014,12,MI,0.0,
2015,1,MI,0.0,
2015,2,MI,0.0,
2015,3,MI,0.0,
2015,4,MI,0.0,
2015,5,MI,0.0,
2015,6,MI,0.0,
2015,7,MI,0.0,
2015,8,MI,0.0,
2015,9,MI,0.0,
2015,10,MI,0.0,
2015,11,MI,0.0,
2015,12,MI,0.0,
2016,1,MI,0.0,
2016,2,MI,0.0,
2016,3,MI,0.0,
2016,4,MI,0.0,
2016,5,MI,0.0,
2016,6,MI,0.0,
2016,7,MI,0.0,
2016,8,MI,0.0,
2016,9,MI,0.0,
2016,10,MI,0.0,
2016,11,MI,0.0,
2016,12,MI,0.0,
2017,1,MI,0.0,
2017,2,MI,0.0,
2017,3,MI,0.0,
2017,4,MI,0.0,
2017,5,MI,0.0,
2017,6,MI,0.0,
2017,7,MI,8.0,0.0625
2017,8,MI,11.0,0.144140266299357
2017,9,MI,2.0,0.4
2017,10,MI,7.0,0.0767857142857143
2017,11,MI,3.0,0.125
2017,12,MI,0.0,
2018,1,MI,4.0,0.0825
2018,2,MI,15.0,0.0431666666666667
2018,3,MI,18.0,0.116851851851852
2018,4,MI,1.0,0.0
2018,5,MI,2.0,0.201041666666667
2018,6,MI,5.0,-0.0161111111111111
2018,7,MI,0.0,
2018,8,MI,0.0,
2018,9,MI,0.0,
2018,10,MI,2.0,0.1
2018,11,MI,0.0,
2018,12,MI,0.0,
2019,1,MI,0.0,
2019,2,MI,0.0,
2019,3,MI,0.0,
2019,4,MI,0.0,
2019,5,MI,0.0,
2019,6,MI,0.0,
2019,7,MI,5.0,-0.00625
2019,8,MI,0.0,
2019,9,MI,0.0,
2019,10,MI,0.0,
2019,11,MI,0.0,
2019,12,MI,0.0,
2020,1,MI,0.0,
2012,1,MN,0.0,
2012,2,MN,0.0,
2012,3,MN,0.0,
2012,4,MN,0.0,
2012,5,MN,0.0,
2012,6,MN,0.0,
2012,7,MN,0.0,
2012,8,MN,0.0,
2012,9,MN,0.0,
2012,10,MN,0.0,
2012,11,MN,0.0,
2012,12,MN,0.0,
2013,1,MN,0.0,
2013,2,MN,0.0,
2013,3,MN,0.0,
2013,4,MN,0.0,
2013,5,MN,0.0,
2013,6,MN,0.0,
2013,7,MN,0.0,
2013,8,MN,0.0,
2013,9,MN,0.0,
2013,10,MN,0.0,
2013,11,MN,0.0,
2013,12,MN,0.0,
2014,1,MN,0.0,
2014,2,MN,0.0,
2014,3,MN,0.0,
2014,4,MN,0.0,
2014,5,MN,0.0,
2014,6,MN,0.0,
2014,7,MN,0.0,
2014,8,MN,0.0,
2014,9,MN,0.0,
2014,10,MN,0.0,
2014,11,MN,0.0,
2014,12,MN,0.0,
2015,1,MN,0.0,
2015,2,MN,0.0,
2015,3,MN,0.0,
2015,4,MN,0.0,
2015,5,MN,0.0,
2015,6,MN,0.0,
2015,7,MN,0.0,
2015,8,MN,0.0,
2015,9,MN,0.0,
2015,10,MN,0.0,
2015,11,MN,0.0,
2015,12,MN,0.0,
2016,1,MN,0.0,
2016,2,MN,0.0,
2016,3,MN,0.0,
2016,4,MN,0.0,
2016,5,MN,0.0,
2016,6,MN,0.0,
2016,7,MN,0.0,
2016,8,MN,0.0,
2016,9,MN,0.0,
2016,10,MN,0.0,
2016,11,MN,0.0,
2016,12,MN,0.0,
2017,1,MN,0.0,
2017,2,MN,0.0,
2017,3,MN,0.0,
2017,4,MN,0.0,
2017,5,MN,0.0,
2017,6,MN,0.0,
2017,7,MN,10.0,0.316666666666667
2017,8,MN,7.0,0.206087662337662
2017,9,MN,8.0,0.0577777777777778
2017,10,MN,9.0,0.149074074074074
2017,11,MN,3.0,0.0811805555555555
2017,12,MN,12.0,0.267260101010101
2018,1,MN,9.0,0.0625925925925926
2018,2,MN,6.0,0.293402777777778
2018,3,MN,17.0,0.183261289364231
2018,4,MN,11.0,0.0696074380165289
2018,5,MN,8.0,0.274427083333333
2018,6,MN,4.0,0.241135161135161
2018,7,MN,4.0,0.0668402777777778
2018,8,MN,10.0,0.118037037037037
2018,9,MN,6.0,0.140277777777778
2018,10,MN,3.0,0.103472222222222
2018,11,MN,0.0,
2018,12,MN,0.0,
2019,1,MN,0.0,
2019,2,MN,0.0,
2019,3,MN,0.0,
2019,4,MN,0.0,
2019,5,MN,0.0,
2019,6,MN,8.0,0.225694444444444
2019,7,MN,25.0,0.175788888888889
2019,8,MN,0.0,
2019,9,MN,0.0,
2019,10,MN,0.0,
2019,11,MN,0.0,
2019,12,MN,0.0,
2020,1,MN,0.0,
2012,1,MS,0.0,
2012,2,MS,0.0,
2012,3,MS,0.0,
2012,4,MS,0.0,
2012,5,MS,0.0,
2012,6,MS,0.0,
2012,7,MS,0.0,
2012,8,MS,0.0,
2012,9,MS,0.0,
2012,10,MS,0.0,
2012,11,MS,0.0,
2012,12,MS,0.0,
2013,1,MS,0.0,
2013,2,MS,0.0,
2013,3,MS,0.0,
2013,4,MS,0.0,
2013,5,MS,0.0,
2013,6,MS,0.0,
2013,7,MS,0.0,
2013,8,MS,0.0,
2013,9,MS,0.0,
2013,10,MS,0.0,
2013,11,MS,0.0,
2013,12,MS,0.0,
2014,1,MS,0.0,
2014,2,MS,0.0,
2014,3,MS,0.0,
2014,4,MS,0.0,
2014,5,MS,0.0,
2014,6,MS,0.0,
2014,7,MS,0.0,
2014,8,MS,0.0,
2014,9,MS,0.0,
2014,10,MS,0.0,
2014,11,MS,0.0,
2014,12,MS,0.0,
2015,1,MS,0.0,
2015,2,MS,0.0,
2015,3,MS,0.0,
2015,4,MS,0.0,
2015,5,MS,0.0,
2015,6,MS,0.0,
2015,7,MS,0.0,
2015,8,MS,0.0,
2015,9,MS,0.0,
2015,10,MS,0.0,
2015,11,MS,0.0,
2015,12,MS,0.0,
2016,1,MS,0.0,
2016,2,MS,0.0,
2016,3,MS,0.0,
2016,4,MS,0.0,
2016,5,MS,0.0,
2016,6,MS,0.0,
2016,7,MS,0.0,
2016,8,MS,0.0,
2016,9,MS,0.0,
2016,10,MS,0.0,
2016,11,MS,0.0,
2016,12,MS,0.0,
2017,1,MS,0.0,
2017,2,MS,0.0,
2017,3,MS,0.0,
2017,4,MS,0.0,
2017,5,MS,0.0,
2017,6,MS,0.0,
2017,7,MS,3.0,0.0
2017,8,MS,0.0,
2017,9,MS,5.0,0.1
2017,10,MS,2.0,0.125
2017,11,MS,1.0,0.0
2017,12,MS,0.0,
2018,1,MS,3.0,0.220909090909091
2018,2,MS,1.0,0.3
2018,3,MS,3.0,0.15
2018,4,MS,0.0,
2018,5,MS,0.0,
2018,6,MS,0.0,
2018,7,MS,0.0,
2018,8,MS,1.0,0.0892857142857143
2018,9,MS,2.0,0.0
2018,10,MS,5.0,0.0318181818181818
2018,11,MS,0.0,
2018,12,MS,0.0,
2019,1,MS,0.0,
2019,2,MS,0.0,
2019,3,MS,0.0,
2019,4,MS,0.0,
2019,5,MS,0.0,
2019,6,MS,3.0,0.0272727272727273
2019,7,MS,3.0,0.126154401154401
2019,8,MS,0.0,
2019,9,MS,0.0,
2019,10,MS,0.0,
2019,11,MS,0.0,
2019,12,MS,0.0,
2020,1,MS,0.0,
2012,1,MO,0.0,
2012,2,MO,0.0,
2012,3,MO,0.0,
2012,4,MO,0.0,
2012,5,MO,0.0,
2012,6,MO,0.0,
2012,7,MO,0.0,
2012,8,MO,0.0,
2012,9,MO,0.0,
2012,10,MO,0.0,
2012,11,MO,0.0,
2012,12,MO,0.0,
2013,1,MO,0.0,
2013,2,MO,0.0,
2013,3,MO,0.0,
2013,4,MO,0.0,
2013,5,MO,0.0,
2013,6,MO,0.0,
2013,7,MO,0.0,
2013,8,MO,0.0,
2013,9,MO,0.0,
2013,10,MO,0.0,
2013,11,MO,0.0,
2013,12,MO,0.0,
2014,1,MO,0.0,
2014,2,MO,0.0,
2014,3,MO,0.0,
2014,4,MO,0.0,
2014,5,MO,0.0,
2014,6,MO,0.0,
2014,7,MO,0.0,
2014,8,MO,0.0,
2014,9,MO,0.0,
2014,10,MO,0.0,
2014,11,MO,0.0,
2014,12,MO,0.0,
2015,1,MO,0.0,
2015,2,MO,0.0,
2015,3,MO,0.0,
2015,4,MO,0.0,
2015,5,MO,0.0,
2015,6,MO,0.0,
2015,7,MO,0.0,
2015,8,MO,0.0,
2015,9,MO,0.0,
2015,10,MO,0.0,
2015,11,MO,0.0,
2015,12,MO,0.0,
2016,1,MO,0.0,
2016,2,MO,0.0,
2016,3,MO,0.0,
2016,4,MO,0.0,
2016,5,MO,0.0,
2016,6,MO,0.0,
2016,7,MO,0.0,
2016,8,MO,0.0,
2016,9,MO,0.0,
2016,10,MO,0.0,
2016,11,MO,0.0,
2016,12,MO,0.0,
2017,1,MO,0.0,
2017,2,MO,0.0,
2017,3,MO,0.0,
2017,4,MO,0.0,
2017,5,MO,0.0,
2017,6,MO,0.0,
2017,7,MO,5.0,0.03
2017,8,MO,11.0,0.296401515151515
2017,9,MO,42.0,0.0840277777777778
2017,10,MO,32.0,0.023828125
2017,11,MO,47.0,0.0985055724417427
2017,12,MO,36.0,0.160648148148148
2018,1,MO,10.0,0.014
2018,2,MO,9.0,0.219907407407407
2018,3,MO,13.0,0.153846153846154
2018,4,MO,25.0,0.292809523809524
2018,5,MO,17.0,0.126041666666667
2018,6,MO,4.0,0.1625
2018,7,MO,5.0,0.311
2018,8,MO,11.0,0.390909090909091
2018,9,MO,10.0,0.1755
2018,10,MO,5.0,-0.0286363636363636
2018,11,MO,0.0,
2018,12,MO,0.0,
2019,1,MO,0.0,
2019,2,MO,0.0,
2019,3,MO,0.0,
2019,4,MO,0.0,
2019,5,MO,0.0,
2019,6,MO,0.0,
2019,7,MO,15.0,0.180217452300786
2019,8,MO,0.0,
2019,9,MO,0.0,
2019,10,MO,0.0,
2019,11,MO,0.0,
2019,12,MO,0.0,
2020,1,MO,0.0,
2012,1,MT,0.0,
2012,2,MT,0.0,
2012,3,MT,0.0,
2012,4,MT,0.0,
2012,5,MT,0.0,
2012,6,MT,0.0,
2012,7,MT,0.0,
2012,8,MT,0.0,
2012,9,MT,0.0,
2012,10,MT,0.0,
2012,11,MT,0.0,
2012,12,MT,0.0,
2013,1,MT,0.0,
2013,2,MT,0.0,
2013,3,MT,0.0,
2013,4,MT,0.0,
2013,5,MT,0.0,
2013,6,MT,0.0,
2013,7,MT,0.0,
2013,8,MT,0.0,
2013,9,MT,0.0,
2013,10,MT,0.0,
2013,11,MT,0.0,
2013,12,MT,0.0,
2014,1,MT,0.0,
2014,2,MT,0.0,
2014,3,MT,0.0,
2014,4,MT,0.0,
2014,5,MT,0.0,
2014,6,MT,0.0,
2014,7,MT,0.0,
2014,8,MT,0.0,
2014,9,MT,0.0,
2014,10,MT,0.0,
2014,11,MT,0.0,
2014,12,MT,0.0,
2015,1,MT,0.0,
2015,2,MT,0.0,
2015,3,MT,0.0,
2015,4,MT,0.0,
2015,5,MT,0.0,
2015,6,MT,0.0,
2015,7,MT,0.0,
2015,8,MT,0.0,
2015,9,MT,0.0,
2015,10,MT,0.0,
2015,11,MT,0.0,
2015,12,MT,0.0,
2016,1,MT,0.0,
2016,2,MT,0.0,
2016,3,MT,0.0,
2016,4,MT,0.0,
2016,5,MT,0.0,
2016,6,MT,0.0,
2016,7,MT,0.0,
2016,8,MT,0.0,
2016,9,MT,0.0,
2016,10,MT,0.0,
2016,11,MT,0.0,
2016,12,MT,0.0,
2017,1,MT,0.0,
2017,2,MT,0.0,
2017,3,MT,0.0,
2017,4,MT,0.0,
2017,5,MT,0.0,
2017,6,MT,0.0,
2017,7,MT,2.0,0.292857142857143
2017,8,MT,0.0,
2017,9,MT,1.0,0.4
2017,10,MT,0.0,
2017,11,MT,0.0,
2017,12,MT,0.0,
2018,1,MT,1.0,0.08
2018,2,MT,1.0,0.22
2018,3,MT,1.0,0.15
2018,4,MT,2.0,0.5
2018,5,MT,1.0,0.16
2018,6,MT,0.0,
2018,7,MT,0.0,
2018,8,MT,0.0,
2018,9,MT,0.0,
2018,10,MT,0.0,
2018,11,MT,0.0,
2018,12,MT,0.0,
2019,1,MT,0.0,
2019,2,MT,0.0,
2019,3,MT,0.0,
2019,4,MT,0.0,
2019,5,MT,0.0,
2019,6,MT,1.0,0.1
2019,7,MT,1.0,-0.01875
2019,8,MT,0.0,
2019,9,MT,0.0,
2019,10,MT,0.0,
2019,11,MT,0.0,
2019,12,MT,0.0,
2020,1,MT,0.0,
2012,1,NE,0.0,
2012,2,NE,0.0,
2012,3,NE,0.0,
2012,4,NE,0.0,
2012,5,NE,0.0,
2012,6,NE,0.0,
2012,7,NE,0.0,
2012,8,NE,0.0,
2012,9,NE,0.0,
2012,10,NE,0.0,
2012,11,NE,0.0,
2012,12,NE,0.0,
2013,1,NE,0.0,
2013,2,NE,0.0,
2013,3,NE,0.0,
2013,4,NE,0.0,
2013,5,NE,0.0,
2013,6,NE,0.0,
2013,7,NE,0.0,
2013,8,NE,0.0,
2013,9,NE,0.0,
2013,10,NE,0.0,
2013,11,NE,0.0,
2013,12,NE,0.0,
2014,1,NE,0.0,
2014,2,NE,0.0,
2014,3,NE,0.0,
2014,4,NE,0.0,
2014,5,NE,0.0,
2014,6,NE,0.0,
2014,7,NE,0.0,
2014,8,NE,0.0,
2014,9,NE,0.0,
2014,10,NE,0.0,
2014,11,NE,0.0,
2014,12,NE,0.0,
2015,1,NE,0.0,
2015,2,NE,0.0,
2015,3,NE,0.0,
2015,4,NE,0.0,
2015,5,NE,0.0,
2015,6,NE,0.0,
2015,7,NE,0.0,
2015,8,NE,0.0,
2015,9,NE,0.0,
2015,10,NE,0.0,
2015,11,NE,0.0,
2015,12,NE,0.0,
2016,1,NE,0.0,
2016,2,NE,0.0,
2016,3,NE,0.0,
2016,4,NE,0.0,
2016,5,NE,0.0,
2016,6,NE,0.0,
2016,7,NE,0.0,
2016,8,NE,0.0,
2016,9,NE,0.0,
2016,10,NE,0.0,
2016,11,NE,0.0,
2016,12,NE,0.0,
2017,1,NE,0.0,
2017,2,NE,0.0,
2017,3,NE,0.0,
2017,4,NE,0.0,
2017,5,NE,0.0,
2017,6,NE,0.0,
2017,7,NE,3.0,0.0
2017,8,NE,3.0,0.0
2017,9,NE,0.0,
2017,10,NE,0.0,
2017,11,NE,0.0,
2017,12,NE,1.0,0.1425
2018,1,NE,2.0,0.4
2018,2,NE,4.0,0.0333333333333333
2018,3,NE,6.0,0.172916666666667
2018,4,NE,1.0,0.16
2018,5,NE,1.0,0.16
2018,6,NE,0.0,
2018,7,NE,0.0,
2018,8,NE,0.0,
2018,9,NE,6.0,0.406666666666667
2018,10,NE,0.0,
2018,11,NE,0.0,
2018,12,NE,0.0,
2019,1,NE,0.0,
2019,2,NE,0.0,
2019,3,NE,0.0,
2019,4,NE,0.0,
2019,5,NE,0.0,
2019,6,NE,3.0,0.216666666666667
2019,7,NE,3.0,0.356565656565657
2019,8,NE,0.0,
2019,9,NE,0.0,
2019,10,NE,0.0,
2019,11,NE,0.0,
2019,12,NE,0.0,
2020,1,NE,0.0,
2012,1,NV,0.0,
2012,2,NV,0.0,
2012,3,NV,0.0,
2012,4,NV,0.0,
2012,5,NV,0.0,
2012,6,NV,0.0,
2012,7,NV,0.0,
2012,8,NV,0.0,
2012,9,NV,0.0,
2012,10,NV,0.0,
2012,11,NV,0.0,
2012,12,NV,0.0,
2013,1,NV,0.0,
2013,2,NV,0.0,
2013,3,NV,0.0,
2013,4,NV,0.0,
2013,5,NV,0.0,
2013,6,NV,0.0,
2013,7,NV,0.0,
2013,8,NV,0.0,
2013,9,NV,0.0,
2013,10,NV,0.0,
2013,11,NV,0.0,
2013,12,NV,0.0,
2014,1,NV,0.0,
2014,2,NV,0.0,
2014,3,NV,0.0,
2014,4,NV,0.0,
2014,5,NV,0.0,
2014,6,NV,0.0,
2014,7,NV,0.0,
2014,8,NV,0.0,
2014,9,NV,0.0,
2014,10,NV,0.0,
2014,11,NV,0.0,
2014,12,NV,0.0,
2015,1,NV,0.0,
2015,2,NV,0.0,
2015,3,NV,0.0,
2015,4,NV,0.0,
2015,5,NV,0.0,
2015,6,NV,0.0,
2015,7,NV,0.0,
2015,8,NV,0.0,
2015,9,NV,0.0,
2015,10,NV,0.0,
2015,11,NV,0.0,
2015,12,NV,0.0,
2016,1,NV,0.0,
2016,2,NV,0.0,
2016,3,NV,0.0,
2016,4,NV,0.0,
2016,5,NV,0.0,
2016,6,NV,0.0,
2016,7,NV,0.0,
2016,8,NV,0.0,
2016,9,NV,0.0,
2016,10,NV,0.0,
2016,11,NV,0.0,
2016,12,NV,0.0,
2017,1,NV,0.0,
2017,2,NV,0.0,
2017,3,NV,0.0,
2017,4,NV,0.0,
2017,5,NV,0.0,
2017,6,NV,0.0,
2017,7,NV,1.0,0.0
2017,8,NV,1.0,0.0
2017,9,NV,8.0,0.29375
2017,10,NV,9.0,0.141666666666667
2017,11,NV,7.0,0.0714285714285714
2017,12,NV,4.0,0.0427777777777778
2018,1,NV,1.0,0.08
2018,2,NV,24.0,0.0920717592592593
2018,3,NV,7.0,0.148809523809524
2018,4,NV,0.0,
2018,5,NV,5.0,0.0708888888888889
2018,6,NV,0.0,
2018,7,NV,2.0,0.0
2018,8,NV,3.0,0.05
2018,9,NV,5.0,-0.04
2018,10,NV,5.0,0.0775
2018,11,NV,0.0,
2018,12,NV,0.0,
2019,1,NV,0.0,
2019,2,NV,0.0,
2019,3,NV,0.0,
2019,4,NV,0.0,
2019,5,NV,0.0,
2019,6,NV,1.0,0.0266666666666667
2019,7,NV,13.0,0.279394640852974
2019,8,NV,0.0,
2019,9,NV,0.0,
2019,10,NV,0.0,
2019,11,NV,0.0,
2019,12,NV,0.0,
2020,1,NV,0.0,
2012,1,NH,0.0,
2012,2,NH,0.0,
2012,3,NH,0.0,
2012,4,NH,0.0,
2012,5,NH,0.0,
2012,6,NH,0.0,
2012,7,NH,0.0,
2012,8,NH,0.0,
2012,9,NH,0.0,
2012,10,NH,0.0,
2012,11,NH,0.0,
2012,12,NH,0.0,
2013,1,NH,0.0,
2013,2,NH,0.0,
2013,3,NH,0.0,
2013,4,NH,0.0,
2013,5,NH,0.0,
2013,6,NH,0.0,
2013,7,NH,0.0,
2013,8,NH,0.0,
2013,9,NH,0.0,
2013,10,NH,0.0,
2013,11,NH,0.0,
2013,12,NH,0.0,
2014,1,NH,0.0,
2014,2,NH,0.0,
2014,3,NH,0.0,
2014,4,NH,0.0,
2014,5,NH,0.0,
2014,6,NH,0.0,
2014,7,NH,0.0,
2014,8,NH,0.0,
2014,9,NH,0.0,
2014,10,NH,0.0,
2014,11,NH,0.0,
2014,12,NH,0.0,
2015,1,NH,0.0,
2015,2,NH,0.0,
2015,3,NH,0.0,
2015,4,NH,0.0,
2015,5,NH,0.0,
2015,6,NH,0.0,
2015,7,NH,0.0,
2015,8,NH,0.0,
2015,9,NH,0.0,
2015,10,NH,0.0,
2015,11,NH,0.0,
2015,12,NH,0.0,
2016,1,NH,0.0,
2016,2,NH,0.0,
2016,3,NH,0.0,
2016,4,NH,0.0,
2016,5,NH,0.0,
2016,6,NH,0.0,
2016,7,NH,0.0,
2016,8,NH,0.0,
2016,9,NH,0.0,
2016,10,NH,0.0,
2016,11,NH,0.0,
2016,12,NH,0.0,
2017,1,NH,0.0,
2017,2,NH,0.0,
2017,3,NH,0.0,
2017,4,NH,0.0,
2017,5,NH,0.0,
2017,6,NH,0.0,
2017,7,NH,1.0,0.0
2017,8,NH,4.0,0.0625
2017,9,NH,1.0,0.25
2017,10,NH,0.0,
2017,11,NH,0.0,
2017,12,NH,0.0,
2018,1,NH,1.0,0.0416666666666667
2018,2,NH,0.0,
2018,3,NH,1.0,0.0533333333333333
2018,4,NH,0.0,
2018,5,NH,2.0,0.0
2018,6,NH,0.0,
2018,7,NH,1.0,0.8
2018,8,NH,0.0,
2018,9,NH,1.0,0.0
2018,10,NH,1.0,0.325
2018,11,NH,0.0,
2018,12,NH,0.0,
2019,1,NH,0.0,
2019,2,NH,0.0,
2019,3,NH,0.0,
2019,4,NH,0.0,
2019,5,NH,0.0,
2019,6,NH,1.0,0.0
2019,7,NH,0.0,
2019,8,NH,0.0,
2019,9,NH,0.0,
2019,10,NH,0.0,
2019,11,NH,0.0,
2019,12,NH,0.0,
2020,1,NH,0.0,
2012,1,NJ,0.0,
2012,2,NJ,0.0,
2012,3,NJ,0.0,
2012,4,NJ,0.0,
2012,5,NJ,0.0,
2012,6,NJ,0.0,
2012,7,NJ,0.0,
2012,8,NJ,0.0,
2012,9,NJ,0.0,
2012,10,NJ,0.0,
2012,11,NJ,0.0,
2012,12,NJ,0.0,
2013,1,NJ,0.0,
2013,2,NJ,0.0,
2013,3,NJ,0.0,
2013,4,NJ,0.0,
2013,5,NJ,0.0,
2013,6,NJ,0.0,
2013,7,NJ,0.0,
2013,8,NJ,0.0,
2013,9,NJ,0.0,
2013,10,NJ,0.0,
2013,11,NJ,0.0,
2013,12,NJ,0.0,
2014,1,NJ,0.0,
2014,2,NJ,0.0,
2014,3,NJ,0.0,
2014,4,NJ,0.0,
2014,5,NJ,0.0,
2014,6,NJ,0.0,
2014,7,NJ,0.0,
2014,8,NJ,0.0,
2014,9,NJ,0.0,
2014,10,NJ,0.0,
2014,11,NJ,0.0,
2014,12,NJ,0.0,
2015,1,NJ,0.0,
2015,2,NJ,0.0,
2015,3,NJ,0.0,
2015,4,NJ,0.0,
2015,5,NJ,0.0,
2015,6,NJ,0.0,
2015,7,NJ,0.0,
2015,8,NJ,0.0,
2015,9,NJ,0.0,
2015,10,NJ,0.0,
2015,11,NJ,0.0,
2015,12,NJ,0.0,
2016,1,NJ,0.0,
2016,2,NJ,0.0,
2016,3,NJ,0.0,
2016,4,NJ,0.0,
2016,5,NJ,0.0,
2016,6,NJ,0.0,
2016,7,NJ,0.0,
2016,8,NJ,0.0,
2016,9,NJ,0.0,
2016,10,NJ,0.0,
2016,11,NJ,0.0,
2016,12,NJ,0.0,
2017,1,NJ,0.0,
2017,2,NJ,0.0,
2017,3,NJ,0.0,
2017,4,NJ,0.0,
2017,5,NJ,0.0,
2017,6,NJ,0.0,
2017,7,NJ,2.0,0.0
2017,8,NJ,0.0,
2017,9,NJ,1.0,0.0
2017,10,NJ,6.0,0.216666666666667
2017,11,NJ,4.0,0.0
2017,12,NJ,2.0,0.0
2018,1,NJ,0.0,
2018,2,NJ,2.0,0.0625
2018,3,NJ,2.0,0.2125
2018,4,NJ,2.0,0.15
2018,5,NJ,0.0,
2018,6,NJ,14.0,0.239002976190476
2018,7,NJ,7.0,0.0857142857142857
2018,8,NJ,1.0,0.218097643097643
2018,9,NJ,6.0,0.27962962962963
2018,10,NJ,2.0,0.3
2018,11,NJ,0.0,
2018,12,NJ,0.0,
2019,1,NJ,0.0,
2019,2,NJ,0.0,
2019,3,NJ,0.0,
2019,4,NJ,0.0,
2019,5,NJ,0.0,
2019,6,NJ,6.0,0.472098765432099
2019,7,NJ,9.0,0.088145342312009
2019,8,NJ,0.0,
2019,9,NJ,0.0,
2019,10,NJ,0.0,
2019,11,NJ,0.0,
2019,12,NJ,0.0,
2020,1,NJ,0.0,
2012,1,NM,0.0,
2012,2,NM,0.0,
2012,3,NM,0.0,
2012,4,NM,0.0,
2012,5,NM,0.0,
2012,6,NM,0.0,
2012,7,NM,0.0,
2012,8,NM,0.0,
2012,9,NM,0.0,
2012,10,NM,0.0,
2012,11,NM,0.0,
2012,12,NM,0.0,
2013,1,NM,0.0,
2013,2,NM,0.0,
2013,3,NM,0.0,
2013,4,NM,0.0,
2013,5,NM,0.0,
2013,6,NM,0.0,
2013,7,NM,0.0,
2013,8,NM,0.0,
2013,9,NM,0.0,
2013,10,NM,0.0,
2013,11,NM,0.0,
2013,12,NM,0.0,
2014,1,NM,0.0,
2014,2,NM,0.0,
2014,3,NM,0.0,
2014,4,NM,0.0,
2014,5,NM,0.0,
2014,6,NM,0.0,
2014,7,NM,0.0,
2014,8,NM,0.0,
2014,9,NM,0.0,
2014,10,NM,0.0,
2014,11,NM,0.0,
2014,12,NM,0.0,
2015,1,NM,0.0,
2015,2,NM,0.0,
2015,3,NM,0.0,
2015,4,NM,0.0,
2015,5,NM,0.0,
2015,6,NM,0.0,
2015,7,NM,0.0,
2015,8,NM,0.0,
2015,9,NM,0.0,
2015,10,NM,0.0,
2015,11,NM,0.0,
2015,12,NM,0.0,
2016,1,NM,0.0,
2016,2,NM,0.0,
2016,3,NM,0.0,
2016,4,NM,0.0,
2016,5,NM,0.0,
2016,6,NM,0.0,
2016,7,NM,0.0,
2016,8,NM,0.0,
2016,9,NM,0.0,
2016,10,NM,0.0,
2016,11,NM,0.0,
2016,12,NM,0.0,
2017,1,NM,0.0,
2017,2,NM,0.0,
2017,3,NM,0.0,
2017,4,NM,0.0,
2017,5,NM,0.0,
2017,6,NM,0.0,
2017,7,NM,0.0,
2017,8,NM,0.0,
2017,9,NM,0.0,
2017,10,NM,0.0,
2017,11,NM,0.0,
2017,12,NM,0.0,
2018,1,NM,0.0,
2018,2,NM,0.0,
2018,3,NM,2.0,0.075
2018,4,NM,0.0,
2018,5,NM,3.0,0.05
2018,6,NM,0.0,
2018,7,NM,0.0,
2018,8,NM,2.0,0.311458333333333
2018,9,NM,0.0,
2018,10,NM,0.0,
2018,11,NM,0.0,
2018,12,NM,0.0,
2019,1,NM,0.0,
2019,2,NM,0.0,
2019,3,NM,0.0,
2019,4,NM,0.0,
2019,5,NM,0.0,
2019,6,NM,1.0,0.0821428571428571
2019,7,NM,1.0,0.240625
2019,8,NM,0.0,
2019,9,NM,0.0,
2019,10,NM,0.0,
2019,11,NM,0.0,
2019,12,NM,0.0,
2020,1,NM,0.0,
2012,1,NY,0.0,
2012,2,NY,0.0,
2012,3,NY,0.0,
2012,4,NY,0.0,
2012,5,NY,0.0,
2012,6,NY,0.0,
2012,7,NY,0.0,
2012,8,NY,0.0,
2012,9,NY,0.0,
2012,10,NY,0.0,
2012,11,NY,0.0,
2012,12,NY,0.0,
2013,1,NY,0.0,
2013,2,NY,0.0,
2013,3,NY,0.0,
2013,4,NY,0.0,
2013,5,NY,0.0,
2013,6,NY,0.0,
2013,7,NY,0.0,
2013,8,NY,0.0,
2013,9,NY,0.0,
2013,10,NY,0.0,
2013,11,NY,0.0,
2013,12,NY,0.0,
2014,1,NY,0.0,
2014,2,NY,0.0,
2014,3,NY,0.0,
2014,4,NY,0.0,
2014,5,NY,0.0,
2014,6,NY,0.0,
2014,7,NY,0.0,
2014,8,NY,0.0,
2014,9,NY,0.0,
2014,10,NY,0.0,
2014,11,NY,0.0,
2014,12,NY,0.0,
2015,1,NY,0.0,
2015,2,NY,0.0,
2015,3,NY,0.0,
2015,4,NY,0.0,
2015,5,NY,0.0,
2015,6,NY,0.0,
2015,7,NY,0.0,
2015,8,NY,0.0,
2015,9,NY,0.0,
2015,10,NY,0.0,
2015,11,NY,0.0,
2015,12,NY,0.0,
2016,1,NY,0.0,
2016,2,NY,0.0,
2016,3,NY,0.0,
2016,4,NY,0.0,
2016,5,NY,0.0,
2016,6,NY,0.0,
2016,7,NY,0.0,
2016,8,NY,0.0,
2016,9,NY,0.0,
2016,10,NY,0.0,
2016,11,NY,0.0,
2016,12,NY,0.0,
2017,1,NY,0.0,
2017,2,NY,0.0,
2017,3,NY,0.0,
2017,4,NY,0.0,
2017,5,NY,0.0,
2017,6,NY,0.0,
2017,7,NY,11.0,0.270909090909091
2017,8,NY,12.0,0.133101851851852
2017,9,NY,8.0,0.129024621212121
2017,10,NY,6.0,0.18344696969697
2017,11,NY,10.0,0.101638257575758
2017,12,NY,7.0,0.184801587301587
2018,1,NY,2.0,0.09375
2018,2,NY,8.0,0.0374794823232323
2018,3,NY,20.0,0.123888888888889
2018,4,NY,7.0,0.0776190476190476
2018,5,NY,8.0,0.055
2018,6,NY,2.0,-0.025
2018,7,NY,13.0,0.190699300699301
2018,8,NY,7.0,0.0952741702741703
2018,9,NY,4.0,0.14125
2018,10,NY,8.0,0.1734375
2018,11,NY,0.0,
2018,12,NY,0.0,
2019,1,NY,0.0,
2019,2,NY,0.0,
2019,3,NY,0.0,
2019,4,NY,0.0,
2019,5,NY,0.0,
2019,6,NY,7.0,0.213095238095238
2019,7,NY,30.0,0.138646885521886
2019,8,NY,0.0,
2019,9,NY,0.0,
2019,10,NY,0.0,
2019,11,NY,0.0,
2019,12,NY,0.0,
2020,1,NY,0.0,
2012,1,NC,0.0,
2012,2,NC,0.0,
2012,3,NC,0.0,
2012,4,NC,0.0,
2012,5,NC,0.0,
2012,6,NC,0.0,
2012,7,NC,0.0,
2012,8,NC,0.0,
2012,9,NC,0.0,
2012,10,NC,0.0,
2012,11,NC,0.0,
2012,12,NC,0.0,
2013,1,NC,0.0,
2013,2,NC,0.0,
2013,3,NC,0.0,
2013,4,NC,0.0,
2013,5,NC,0.0,
2013,6,NC,0.0,
2013,7,NC,0.0,
2013,8,NC,0.0,
2013,9,NC,0.0,
2013,10,NC,0.0,
2013,11,NC,0.0,
2013,12,NC,0.0,
2014,1,NC,0.0,
2014,2,NC,0.0,
2014,3,NC,0.0,
2014,4,NC,0.0,
2014,5,NC,0.0,
2014,6,NC,0.0,
2014,7,NC,0.0,
2014,8,NC,0.0,
2014,9,NC,0.0,
2014,10,NC,0.0,
2014,11,NC,0.0,
2014,12,NC,0.0,
2015,1,NC,0.0,
2015,2,NC,0.0,
2015,3,NC,0.0,
2015,4,NC,0.0,
2015,5,NC,0.0,
2015,6,NC,0.0,
2015,7,NC,0.0,
2015,8,NC,0.0,
2015,9,NC,0.0,
2015,10,NC,0.0,
2015,11,NC,0.0,
2015,12,NC,0.0,
2016,1,NC,0.0,
2016,2,NC,0.0,
2016,3,NC,0.0,
2016,4,NC,0.0,
2016,5,NC,0.0,
2016,6,NC,0.0,
2016,7,NC,0.0,
2016,8,NC,0.0,
2016,9,NC,0.0,
2016,10,NC,0.0,
2016,11,NC,0.0,
2016,12,NC,0.0,
2017,1,NC,0.0,
2017,2,NC,0.0,
2017,3,NC,0.0,
2017,4,NC,0.0,
2017,5,NC,0.0,
2017,6,NC,0.0,
2017,7,NC,9.0,0.0393217893217893
2017,8,NC,5.0,0.32
2017,9,NC,10.0,0.145170454545455
2017,10,NC,10.0,0.088
2017,11,NC,2.0,-0.0125
2017,12,NC,5.0,0.113214285714286
2018,1,NC,5.0,0.222533333333333
2018,2,NC,14.0,0.0961582341269841
2018,3,NC,18.0,0.0823242933537051
2018,4,NC,16.0,0.22778014520202
2018,5,NC,3.0,0.05
2018,6,NC,5.0,0.08
2018,7,NC,2.0,0.0658333333333333
2018,8,NC,7.0,0.0800595238095238
2018,9,NC,11.0,0.0880681818181818
2018,10,NC,6.0,0.250763888888889
2018,11,NC,0.0,
2018,12,NC,0.0,
2019,1,NC,0.0,
2019,2,NC,0.0,
2019,3,NC,0.0,
2019,4,NC,0.0,
2019,5,NC,0.0,
2019,6,NC,14.0,0.0755319264069264
2019,7,NC,19.0,0.132983056599833
2019,8,NC,0.0,
2019,9,NC,0.0,
2019,10,NC,0.0,
2019,11,NC,0.0,
2019,12,NC,0.0,
2020,1,NC,0.0,
2012,1,ND,0.0,
2012,2,ND,0.0,
2012,3,ND,0.0,
2012,4,ND,0.0,
2012,5,ND,0.0,
2012,6,ND,0.0,
2012,7,ND,0.0,
2012,8,ND,0.0,
2012,9,ND,0.0,
2012,10,ND,0.0,
2012,11,ND,0.0,
2012,12,ND,0.0,
2013,1,ND,0.0,
2013,2,ND,0.0,
2013,3,ND,0.0,
2013,4,ND,0.0,
2013,5,ND,0.0,
2013,6,ND,0.0,
2013,7,ND,0.0,
2013,8,ND,0.0,
2013,9,ND,0.0,
2013,10,ND,0.0,
2013,11,ND,0.0,
2013,12,ND,0.0,
2014,1,ND,0.0,
2014,2,ND,0.0,
2014,3,ND,0.0,
2014,4,ND,0.0,
2014,5,ND,0.0,
2014,6,ND,0.0,
2014,7,ND,0.0,
2014,8,ND,0.0,
2014,9,ND,0.0,
2014,10,ND,0.0,
2014,11,ND,0.0,
2014,12,ND,0.0,
2015,1,ND,0.0,
2015,2,ND,0.0,
2015,3,ND,0.0,
2015,4,ND,0.0,
2015,5,ND,0.0,
2015,6,ND,0.0,
2015,7,ND,0.0,
2015,8,ND,0.0,
2015,9,ND,0.0,
2015,10,ND,0.0,
2015,11,ND,0.0,
2015,12,ND,0.0,
2016,1,ND,0.0,
2016,2,ND,0.0,
2016,3,ND,0.0,
2016,4,ND,0.0,
2016,5,ND,0.0,
2016,6,ND,0.0,
2016,7,ND,0.0,
2016,8,ND,0.0,
2016,9,ND,0.0,
2016,10,ND,0.0,
2016,11,ND,0.0,
2016,12,ND,0.0,
2017,1,ND,0.0,
2017,2,ND,0.0,
2017,3,ND,0.0,
2017,4,ND,0.0,
2017,5,ND,0.0,
2017,6,ND,0.0,
2017,7,ND,2.0,0.0
2017,8,ND,0.0,
2017,9,ND,0.0,
2017,10,ND,0.0,
2017,11,ND,0.0,
2017,12,ND,0.0,
2018,1,ND,0.0,
2018,2,ND,0.0,
2018,3,ND,0.0,
2018,4,ND,0.0,
2018,5,ND,0.0,
2018,6,ND,0.0,
2018,7,ND,0.0,
2018,8,ND,0.0,
2018,9,ND,0.0,
2018,10,ND,0.0,
2018,11,ND,0.0,
2018,12,ND,0.0,
2019,1,ND,0.0,
2019,2,ND,0.0,
2019,3,ND,0.0,
2019,4,ND,0.0,
2019,5,ND,0.0,
2019,6,ND,0.0,
2019,7,ND,0.0,
2019,8,ND,0.0,
2019,9,ND,0.0,
2019,10,ND,0.0,
2019,11,ND,0.0,
2019,12,ND,0.0,
2020,1,ND,0.0,
2012,1,OH,0.0,
2012,2,OH,0.0,
2012,3,OH,0.0,
2012,4,OH,0.0,
2012,5,OH,0.0,
2012,6,OH,0.0,
2012,7,OH,0.0,
2012,8,OH,0.0,
2012,9,OH,0.0,
2012,10,OH,0.0,
2012,11,OH,0.0,
2012,12,OH,0.0,
2013,1,OH,0.0,
2013,2,OH,0.0,
2013,3,OH,0.0,
2013,4,OH,0.0,
2013,5,OH,0.0,
2013,6,OH,0.0,
2013,7,OH,0.0,
2013,8,OH,0.0,
2013,9,OH,0.0,
2013,10,OH,0.0,
2013,11,OH,0.0,
2013,12,OH,0.0,
2014,1,OH,0.0,
2014,2,OH,0.0,
2014,3,OH,0.0,
2014,4,OH,0.0,
2014,5,OH,0.0,
2014,6,OH,0.0,
2014,7,OH,0.0,
2014,8,OH,0.0,
2014,9,OH,0.0,
2014,10,OH,0.0,
2014,11,OH,0.0,
2014,12,OH,0.0,
2015,1,OH,0.0,
2015,2,OH,0.0,
2015,3,OH,0.0,
2015,4,OH,0.0,
2015,5,OH,0.0,
2015,6,OH,0.0,
2015,7,OH,0.0,
2015,8,OH,0.0,
2015,9,OH,0.0,
2015,10,OH,0.0,
2015,11,OH,0.0,
2015,12,OH,0.0,
2016,1,OH,0.0,
2016,2,OH,0.0,
2016,3,OH,0.0,
2016,4,OH,0.0,
2016,5,OH,0.0,
2016,6,OH,0.0,
2016,7,OH,0.0,
2016,8,OH,0.0,
2016,9,OH,0.0,
2016,10,OH,0.0,
2016,11,OH,0.0,
2016,12,OH,0.0,
2017,1,OH,0.0,
2017,2,OH,0.0,
2017,3,OH,0.0,
2017,4,OH,0.0,
2017,5,OH,0.0,
2017,6,OH,0.0,
2017,7,OH,59.0,0.0266242937853107
2017,8,OH,9.0,0.112037037037037
2017,9,OH,20.0,0.169255681818182
2017,10,OH,38.0,0.153092105263158
2017,11,OH,5.0,-0.02203125
2017,12,OH,2.0,0.0
2018,1,OH,8.0,0.0685193452380952
2018,2,OH,20.0,0.239781723484848
2018,3,OH,28.0,0.121503314393939
2018,4,OH,12.0,0.258641493055556
2018,5,OH,11.0,0.05192177456382
2018,6,OH,8.0,0.0719444444444444
2018,7,OH,14.0,0.262755681818182
2018,8,OH,22.0,0.27027318640955
2018,9,OH,34.0,0.0785212418300654
2018,10,OH,23.0,0.0309991216512956
2018,11,OH,0.0,
2018,12,OH,0.0,
2019,1,OH,0.0,
2019,2,OH,0.0,
2019,3,OH,0.0,
2019,4,OH,0.0,
2019,5,OH,0.0,
2019,6,OH,7.0,0.0804545454545454
2019,7,OH,21.0,0.129287518037518
2019,8,OH,0.0,
2019,9,OH,0.0,
2019,10,OH,0.0,
2019,11,OH,0.0,
2019,12,OH,0.0,
2020,1,OH,0.0,
2012,1,OK,0.0,
2012,2,OK,0.0,
2012,3,OK,0.0,
2012,4,OK,0.0,
2012,5,OK,0.0,
2012,6,OK,0.0,
2012,7,OK,0.0,
2012,8,OK,0.0,
2012,9,OK,0.0,
2012,10,OK,0.0,
2012,11,OK,0.0,
2012,12,OK,0.0,
2013,1,OK,0.0,
2013,2,OK,0.0,
2013,3,OK,0.0,
2013,4,OK,0.0,
2013,5,OK,0.0,
2013,6,OK,0.0,
2013,7,OK,0.0,
2013,8,OK,0.0,
2013,9,OK,0.0,
2013,10,OK,0.0,
2013,11,OK,0.0,
2013,12,OK,0.0,
2014,1,OK,0.0,
2014,2,OK,0.0,
2014,3,OK,0.0,
2014,4,OK,0.0,
2014,5,OK,0.0,
2014,6,OK,0.0,
2014,7,OK,0.0,
2014,8,OK,0.0,
2014,9,OK,0.0,
2014,10,OK,0.0,
2014,11,OK,0.0,
2014,12,OK,0.0,
2015,1,OK,0.0,
2015,2,OK,0.0,
2015,3,OK,0.0,
2015,4,OK,0.0,
2015,5,OK,0.0,
2015,6,OK,0.0,
2015,7,OK,0.0,
2015,8,OK,0.0,
2015,9,OK,0.0,
2015,10,OK,0.0,
2015,11,OK,0.0,
2015,12,OK,0.0,
2016,1,OK,0.0,
2016,2,OK,0.0,
2016,3,OK,0.0,
2016,4,OK,0.0,
2016,5,OK,0.0,
2016,6,OK,0.0,
2016,7,OK,0.0,
2016,8,OK,0.0,
2016,9,OK,0.0,
2016,10,OK,0.0,
2016,11,OK,0.0,
2016,12,OK,0.0,
2017,1,OK,0.0,
2017,2,OK,0.0,
2017,3,OK,0.0,
2017,4,OK,0.0,
2017,5,OK,0.0,
2017,6,OK,0.0,
2017,7,OK,2.0,0.0
2017,8,OK,0.0,
2017,9,OK,1.0,0.0
2017,10,OK,3.0,0.106060606060606
2017,11,OK,2.0,0.2375
2017,12,OK,0.0,
2018,1,OK,3.0,0.140252525252525
2018,2,OK,3.0,0.00494528619528619
2018,3,OK,4.0,0.15
2018,4,OK,4.0,-0.125
2018,5,OK,0.0,
2018,6,OK,1.0,0.0
2018,7,OK,0.0,
2018,8,OK,1.0,0.20625
2018,9,OK,0.0,
2018,10,OK,10.0,0.106363636363636
2018,11,OK,0.0,
2018,12,OK,0.0,
2019,1,OK,0.0,
2019,2,OK,0.0,
2019,3,OK,0.0,
2019,4,OK,0.0,
2019,5,OK,0.0,
2019,6,OK,0.0,
2019,7,OK,2.0,0.1975
2019,8,OK,0.0,
2019,9,OK,0.0,
2019,10,OK,0.0,
2019,11,OK,0.0,
2019,12,OK,0.0,
2020,1,OK,0.0,
2012,1,OR,0.0,
2012,2,OR,0.0,
2012,3,OR,0.0,
2012,4,OR,0.0,
2012,5,OR,0.0,
2012,6,OR,0.0,
2012,7,OR,0.0,
2012,8,OR,0.0,
2012,9,OR,0.0,
2012,10,OR,0.0,
2012,11,OR,0.0,
2012,12,OR,0.0,
2013,1,OR,0.0,
2013,2,OR,0.0,
2013,3,OR,0.0,
2013,4,OR,0.0,
2013,5,OR,0.0,
2013,6,OR,0.0,
2013,7,OR,0.0,
2013,8,OR,0.0,
2013,9,OR,0.0,
2013,10,OR,0.0,
2013,11,OR,0.0,
2013,12,OR,0.0,
2014,1,OR,0.0,
2014,2,OR,0.0,
2014,3,OR,0.0,
2014,4,OR,0.0,
2014,5,OR,0.0,
2014,6,OR,0.0,
2014,7,OR,0.0,
2014,8,OR,0.0,
2014,9,OR,0.0,
2014,10,OR,0.0,
2014,11,OR,0.0,
2014,12,OR,0.0,
2015,1,OR,0.0,
2015,2,OR,0.0,
2015,3,OR,0.0,
2015,4,OR,0.0,
2015,5,OR,0.0,
2015,6,OR,0.0,
2015,7,OR,0.0,
2015,8,OR,0.0,
2015,9,OR,0.0,
2015,10,OR,0.0,
2015,11,OR,0.0,
2015,12,OR,0.0,
2016,1,OR,0.0,
2016,2,OR,0.0,
2016,3,OR,0.0,
2016,4,OR,0.0,
2016,5,OR,0.0,
2016,6,OR,0.0,
2016,7,OR,0.0,
2016,8,OR,0.0,
2016,9,OR,0.0,
2016,10,OR,0.0,
2016,11,OR,0.0,
2016,12,OR,0.0,
2017,1,OR,0.0,
2017,2,OR,0.0,
2017,3,OR,0.0,
2017,4,OR,0.0,
2017,5,OR,0.0,
2017,6,OR,0.0,
2017,7,OR,9.0,0.023625140291807
2017,8,OR,6.0,0.0375
2017,9,OR,7.0,0.110714285714286
2017,10,OR,4.0,0.13125
2017,11,OR,1.0,0.354166666666667
2017,12,OR,0.0,
2018,1,OR,3.0,0.108888888888889
2018,2,OR,3.0,0.1625
2018,3,OR,5.0,0.12
2018,4,OR,2.0,0.258333333333333
2018,5,OR,7.0,0.355194805194805
2018,6,OR,1.0,0.25
2018,7,OR,1.0,0.09
2018,8,OR,2.0,0.0625
2018,9,OR,3.0,0.025
2018,10,OR,10.0,0.109444444444444
2018,11,OR,0.0,
2018,12,OR,0.0,
2019,1,OR,0.0,
2019,2,OR,0.0,
2019,3,OR,0.0,
2019,4,OR,0.0,
2019,5,OR,0.0,
2019,6,OR,5.0,0.126988636363636
2019,7,OR,1.0,0.0
2019,8,OR,0.0,
2019,9,OR,0.0,
2019,10,OR,0.0,
2019,11,OR,0.0,
2019,12,OR,0.0,
2020,1,OR,0.0,
2012,1,PA,0.0,
2012,2,PA,0.0,
2012,3,PA,0.0,
2012,4,PA,0.0,
2012,5,PA,0.0,
2012,6,PA,0.0,
2012,7,PA,0.0,
2012,8,PA,0.0,
2012,9,PA,0.0,
2012,10,PA,0.0,
2012,11,PA,0.0,
2012,12,PA,0.0,
2013,1,PA,0.0,
2013,2,PA,0.0,
2013,3,PA,0.0,
2013,4,PA,0.0,
2013,5,PA,0.0,
2013,6,PA,0.0,
2013,7,PA,0.0,
2013,8,PA,0.0,
2013,9,PA,0.0,
2013,10,PA,0.0,
2013,11,PA,0.0,
2013,12,PA,0.0,
2014,1,PA,0.0,
2014,2,PA,0.0,
2014,3,PA,0.0,
2014,4,PA,0.0,
2014,5,PA,0.0,
2014,6,PA,0.0,
2014,7,PA,0.0,
2014,8,PA,0.0,
2014,9,PA,0.0,
2014,10,PA,0.0,
2014,11,PA,0.0,
2014,12,PA,0.0,
2015,1,PA,0.0,
2015,2,PA,0.0,
2015,3,PA,0.0,
2015,4,PA,0.0,
2015,5,PA,0.0,
2015,6,PA,0.0,
2015,7,PA,0.0,
2015,8,PA,0.0,
2015,9,PA,0.0,
2015,10,PA,0.0,
2015,11,PA,0.0,
2015,12,PA,0.0,
2016,1,PA,0.0,
2016,2,PA,0.0,
2016,3,PA,0.0,
2016,4,PA,0.0,
2016,5,PA,0.0,
2016,6,PA,0.0,
2016,7,PA,0.0,
2016,8,PA,0.0,
2016,9,PA,0.0,
2016,10,PA,0.0,
2016,11,PA,0.0,
2016,12,PA,0.0,
2017,1,PA,0.0,
2017,2,PA,0.0,
2017,3,PA,0.0,
2017,4,PA,0.0,
2017,5,PA,0.0,
2017,6,PA,0.0,
2017,7,PA,12.0,0.142083333333333
2017,8,PA,18.0,0.230707070707071
2017,9,PA,6.0,0.0888888888888889
2017,10,PA,7.0,0.107142857142857
2017,11,PA,8.0,0.01875
2017,12,PA,8.0,0.202083333333333
2018,1,PA,27.0,0.177808641975309
2018,2,PA,24.0,0.104791666666667
2018,3,PA,10.0,0.130416666666667
2018,4,PA,7.0,0.336805555555556
2018,5,PA,6.0,0.240265151515151
2018,6,PA,3.0,0.0416666666666667
2018,7,PA,2.0,0.0958333333333333
2018,8,PA,3.0,0.0666666666666667
2018,9,PA,3.0,0.0
2018,10,PA,1.0,0.0958333333333333
2018,11,PA,0.0,
2018,12,PA,0.0,
2019,1,PA,0.0,
2019,2,PA,0.0,
2019,3,PA,0.0,
2019,4,PA,0.0,
2019,5,PA,0.0,
2019,6,PA,11.0,0.128835227272727
2019,7,PA,21.0,0.151762093726379
2019,8,PA,0.0,
2019,9,PA,0.0,
2019,10,PA,0.0,
2019,11,PA,0.0,
2019,12,PA,0.0,
2020,1,PA,0.0,
2012,1,RI,0.0,
2012,2,RI,0.0,
2012,3,RI,0.0,
2012,4,RI,0.0,
2012,5,RI,0.0,
2012,6,RI,0.0,
2012,7,RI,0.0,
2012,8,RI,0.0,
2012,9,RI,0.0,
2012,10,RI,0.0,
2012,11,RI,0.0,
2012,12,RI,0.0,
2013,1,RI,0.0,
2013,2,RI,0.0,
2013,3,RI,0.0,
2013,4,RI,0.0,
2013,5,RI,0.0,
2013,6,RI,0.0,
2013,7,RI,0.0,
2013,8,RI,0.0,
2013,9,RI,0.0,
2013,10,RI,0.0,
2013,11,RI,0.0,
2013,12,RI,0.0,
2014,1,RI,0.0,
2014,2,RI,0.0,
2014,3,RI,0.0,
2014,4,RI,0.0,
2014,5,RI,0.0,
2014,6,RI,0.0,
2014,7,RI,0.0,
2014,8,RI,0.0,
2014,9,RI,0.0,
2014,10,RI,0.0,
2014,11,RI,0.0,
2014,12,RI,0.0,
2015,1,RI,0.0,
2015,2,RI,0.0,
2015,3,RI,0.0,
2015,4,RI,0.0,
2015,5,RI,0.0,
2015,6,RI,0.0,
2015,7,RI,0.0,
2015,8,RI,0.0,
2015,9,RI,0.0,
2015,10,RI,0.0,
2015,11,RI,0.0,
2015,12,RI,0.0,
2016,1,RI,0.0,
2016,2,RI,0.0,
2016,3,RI,0.0,
2016,4,RI,0.0,
2016,5,RI,0.0,
2016,6,RI,0.0,
2016,7,RI,0.0,
2016,8,RI,0.0,
2016,9,RI,0.0,
2016,10,RI,0.0,
2016,11,RI,0.0,
2016,12,RI,0.0,
2017,1,RI,0.0,
2017,2,RI,0.0,
2017,3,RI,0.0,
2017,4,RI,0.0,
2017,5,RI,0.0,
2017,6,RI,0.0,
2017,7,RI,1.0,0.0
2017,8,RI,0.0,
2017,9,RI,0.0,
2017,10,RI,0.0,
2017,11,RI,0.0,
2017,12,RI,0.0,
2018,1,RI,4.0,0.11375
2018,2,RI,0.0,
2018,3,RI,4.0,-0.0390625
2018,4,RI,1.0,0.1
2018,5,RI,2.0,0.0
2018,6,RI,0.0,
2018,7,RI,0.0,
2018,8,RI,0.0,
2018,9,RI,1.0,0.136363636363636
2018,10,RI,0.0,
2018,11,RI,0.0,
2018,12,RI,0.0,
2019,1,RI,0.0,
2019,2,RI,0.0,
2019,3,RI,0.0,
2019,4,RI,0.0,
2019,5,RI,0.0,
2019,6,RI,0.0,
2019,7,RI,0.0,
2019,8,RI,0.0,
2019,9,RI,0.0,
2019,10,RI,0.0,
2019,11,RI,0.0,
2019,12,RI,0.0,
2020,1,RI,0.0,
2012,1,SC,0.0,
2012,2,SC,0.0,
2012,3,SC,0.0,
2012,4,SC,0.0,
2012,5,SC,0.0,
2012,6,SC,0.0,
2012,7,SC,0.0,
2012,8,SC,0.0,
2012,9,SC,0.0,
2012,10,SC,0.0,
2012,11,SC,0.0,
2012,12,SC,0.0,
2013,1,SC,0.0,
2013,2,SC,0.0,
2013,3,SC,0.0,
2013,4,SC,0.0,
2013,5,SC,0.0,
2013,6,SC,0.0,
2013,7,SC,0.0,
2013,8,SC,0.0,
2013,9,SC,0.0,
2013,10,SC,0.0,
2013,11,SC,0.0,
2013,12,SC,0.0,
2014,1,SC,0.0,
2014,2,SC,0.0,
2014,3,SC,0.0,
2014,4,SC,0.0,
2014,5,SC,0.0,
2014,6,SC,0.0,
2014,7,SC,0.0,
2014,8,SC,0.0,
2014,9,SC,0.0,
2014,10,SC,0.0,
2014,11,SC,0.0,
2014,12,SC,0.0,
2015,1,SC,0.0,
2015,2,SC,0.0,
2015,3,SC,0.0,
2015,4,SC,0.0,
2015,5,SC,0.0,
2015,6,SC,0.0,
2015,7,SC,0.0,
2015,8,SC,0.0,
2015,9,SC,0.0,
2015,10,SC,0.0,
2015,11,SC,0.0,
2015,12,SC,0.0,
2016,1,SC,0.0,
2016,2,SC,0.0,
2016,3,SC,0.0,
2016,4,SC,0.0,
2016,5,SC,0.0,
2016,6,SC,0.0,
2016,7,SC,0.0,
2016,8,SC,0.0,
2016,9,SC,0.0,
2016,10,SC,0.0,
2016,11,SC,0.0,
2016,12,SC,0.0,
2017,1,SC,0.0,
2017,2,SC,0.0,
2017,3,SC,0.0,
2017,4,SC,0.0,
2017,5,SC,0.0,
2017,6,SC,0.0,
2017,7,SC,4.0,0.0833333333333333
2017,8,SC,1.0,0.0
2017,9,SC,4.0,0.19375
2017,10,SC,7.0,0.13452380952381
2017,11,SC,1.0,0.111111111111111
2017,12,SC,2.0,0.05
2018,1,SC,4.0,0.09
2018,2,SC,1.0,0.25
2018,3,SC,5.0,0.0321428571428571
2018,4,SC,1.0,0.0
2018,5,SC,0.0,
2018,6,SC,2.0,0.3125
2018,7,SC,0.0,
2018,8,SC,1.0,0.4
2018,9,SC,2.0,0.193333333333333
2018,10,SC,1.0,0.21875
2018,11,SC,0.0,
2018,12,SC,0.0,
2019,1,SC,0.0,
2019,2,SC,0.0,
2019,3,SC,0.0,
2019,4,SC,0.0,
2019,5,SC,0.0,
2019,6,SC,1.0,0.354166666666667
2019,7,SC,10.0,0.17037037037037
2019,8,SC,0.0,
2019,9,SC,0.0,
2019,10,SC,0.0,
2019,11,SC,0.0,
2019,12,SC,0.0,
2020,1,SC,0.0,
2012,1,SD,0.0,
2012,2,SD,0.0,
2012,3,SD,0.0,
2012,4,SD,0.0,
2012,5,SD,0.0,
2012,6,SD,0.0,
2012,7,SD,0.0,
2012,8,SD,0.0,
2012,9,SD,0.0,
2012,10,SD,0.0,
2012,11,SD,0.0,
2012,12,SD,0.0,
2013,1,SD,0.0,
2013,2,SD,0.0,
2013,3,SD,0.0,
2013,4,SD,0.0,
2013,5,SD,0.0,
2013,6,SD,0.0,
2013,7,SD,0.0,
2013,8,SD,0.0,
2013,9,SD,0.0,
2013,10,SD,0.0,
2013,11,SD,0.0,
2013,12,SD,0.0,
2014,1,SD,0.0,
2014,2,SD,0.0,
2014,3,SD,0.0,
2014,4,SD,0.0,
2014,5,SD,0.0,
2014,6,SD,0.0,
2014,7,SD,0.0,
2014,8,SD,0.0,
2014,9,SD,0.0,
2014,10,SD,0.0,
2014,11,SD,0.0,
2014,12,SD,0.0,
2015,1,SD,0.0,
2015,2,SD,0.0,
2015,3,SD,0.0,
2015,4,SD,0.0,
2015,5,SD,0.0,
2015,6,SD,0.0,
2015,7,SD,0.0,
2015,8,SD,0.0,
2015,9,SD,0.0,
2015,10,SD,0.0,
2015,11,SD,0.0,
2015,12,SD,0.0,
2016,1,SD,0.0,
2016,2,SD,0.0,
2016,3,SD,0.0,
2016,4,SD,0.0,
2016,5,SD,0.0,
2016,6,SD,0.0,
2016,7,SD,0.0,
2016,8,SD,0.0,
2016,9,SD,0.0,
2016,10,SD,0.0,
2016,11,SD,0.0,
2016,12,SD,0.0,
2017,1,SD,0.0,
2017,2,SD,0.0,
2017,3,SD,0.0,
2017,4,SD,0.0,
2017,5,SD,0.0,
2017,6,SD,0.0,
2017,7,SD,0.0,
2017,8,SD,2.0,0.156666666666667
2017,9,SD,0.0,
2017,10,SD,0.0,
2017,11,SD,0.0,
2017,12,SD,0.0,
2018,1,SD,0.0,
2018,2,SD,1.0,0.16
2018,3,SD,4.0,0.1703125
2018,4,SD,0.0,
2018,5,SD,0.0,
2018,6,SD,0.0,
2018,7,SD,0.0,
2018,8,SD,2.0,0.161111111111111
2018,9,SD,0.0,
2018,10,SD,0.0,
2018,11,SD,0.0,
2018,12,SD,0.0,
2019,1,SD,0.0,
2019,2,SD,0.0,
2019,3,SD,0.0,
2019,4,SD,0.0,
2019,5,SD,0.0,
2019,6,SD,0.0,
2019,7,SD,0.0,
2019,8,SD,0.0,
2019,9,SD,0.0,
2019,10,SD,0.0,
2019,11,SD,0.0,
2019,12,SD,0.0,
2020,1,SD,0.0,
2012,1,TN,0.0,
2012,2,TN,0.0,
2012,3,TN,0.0,
2012,4,TN,0.0,
2012,5,TN,0.0,
2012,6,TN,0.0,
2012,7,TN,0.0,
2012,8,TN,0.0,
2012,9,TN,0.0,
2012,10,TN,0.0,
2012,11,TN,0.0,
2012,12,TN,0.0,
2013,1,TN,0.0,
2013,2,TN,0.0,
2013,3,TN,0.0,
2013,4,TN,0.0,
2013,5,TN,0.0,
2013,6,TN,0.0,
2013,7,TN,0.0,
2013,8,TN,0.0,
2013,9,TN,0.0,
2013,10,TN,0.0,
2013,11,TN,0.0,
2013,12,TN,0.0,
2014,1,TN,0.0,
2014,2,TN,0.0,
2014,3,TN,0.0,
2014,4,TN,0.0,
2014,5,TN,0.0,
2014,6,TN,0.0,
2014,7,TN,0.0,
2014,8,TN,0.0,
2014,9,TN,0.0,
2014,10,TN,0.0,
2014,11,TN,0.0,
2014,12,TN,0.0,
2015,1,TN,0.0,
2015,2,TN,0.0,
2015,3,TN,0.0,
2015,4,TN,0.0,
2015,5,TN,0.0,
2015,6,TN,0.0,
2015,7,TN,0.0,
2015,8,TN,0.0,
2015,9,TN,0.0,
2015,10,TN,0.0,
2015,11,TN,0.0,
2015,12,TN,0.0,
2016,1,TN,0.0,
2016,2,TN,0.0,
2016,3,TN,0.0,
2016,4,TN,0.0,
2016,5,TN,0.0,
2016,6,TN,0.0,
2016,7,TN,0.0,
2016,8,TN,0.0,
2016,9,TN,0.0,
2016,10,TN,0.0,
2016,11,TN,0.0,
2016,12,TN,0.0,
2017,1,TN,0.0,
2017,2,TN,0.0,
2017,3,TN,0.0,
2017,4,TN,0.0,
2017,5,TN,0.0,
2017,6,TN,0.0,
2017,7,TN,8.0,0.0285714285714286
2017,8,TN,14.0,0.185227272727273
2017,9,TN,19.0,0.180208333333333
2017,10,TN,10.0,0.1075
2017,11,TN,33.0,0.0267676767676768
2017,12,TN,3.0,0.178724747474747
2018,1,TN,4.0,0.286699810606061
2018,2,TN,5.0,0.1490625
2018,3,TN,12.0,0.136587301587302
2018,4,TN,5.0,0.110833333333333
2018,5,TN,3.0,0.0444444444444444
2018,6,TN,3.0,0.235764790764791
2018,7,TN,11.0,0.0334848484848485
2018,8,TN,7.0,0.107738095238095
2018,9,TN,5.0,0.0113636363636364
2018,10,TN,4.0,0.0679924242424242
2018,11,TN,0.0,
2018,12,TN,0.0,
2019,1,TN,0.0,
2019,2,TN,0.0,
2019,3,TN,0.0,
2019,4,TN,0.0,
2019,5,TN,0.0,
2019,6,TN,12.0,0.126041666666667
2019,7,TN,12.0,0.105852272727273
2019,8,TN,0.0,
2019,9,TN,0.0,
2019,10,TN,0.0,
2019,11,TN,0.0,
2019,12,TN,0.0,
2020,1,TN,0.0,
2012,1,TX,0.0,
2012,2,TX,0.0,
2012,3,TX,0.0,
2012,4,TX,0.0,
2012,5,TX,0.0,
2012,6,TX,0.0,
2012,7,TX,0.0,
2012,8,TX,0.0,
2012,9,TX,0.0,
2012,10,TX,0.0,
2012,11,TX,0.0,
2012,12,TX,0.0,
2013,1,TX,0.0,
2013,2,TX,0.0,
2013,3,TX,0.0,
2013,4,TX,0.0,
2013,5,TX,0.0,
2013,6,TX,0.0,
2013,7,TX,0.0,
2013,8,TX,0.0,
2013,9,TX,0.0,
2013,10,TX,0.0,
2013,11,TX,0.0,
2013,12,TX,0.0,
2014,1,TX,0.0,
2014,2,TX,0.0,
2014,3,TX,0.0,
2014,4,TX,0.0,
2014,5,TX,0.0,
2014,6,TX,0.0,
2014,7,TX,0.0,
2014,8,TX,0.0,
2014,9,TX,0.0,
2014,10,TX,0.0,
2014,11,TX,0.0,
2014,12,TX,0.0,
2015,1,TX,0.0,
2015,2,TX,0.0,
2015,3,TX,0.0,
2015,4,TX,0.0,
2015,5,TX,0.0,
2015,6,TX,0.0,
2015,7,TX,0.0,
2015,8,TX,0.0,
2015,9,TX,0.0,
2015,10,TX,0.0,
2015,11,TX,0.0,
2015,12,TX,0.0,
2016,1,TX,0.0,
2016,2,TX,0.0,
2016,3,TX,0.0,
2016,4,TX,0.0,
2016,5,TX,0.0,
2016,6,TX,0.0,
2016,7,TX,0.0,
2016,8,TX,0.0,
2016,9,TX,0.0,
2016,10,TX,0.0,
2016,11,TX,0.0,
2016,12,TX,0.0,
2017,1,TX,0.0,
2017,2,TX,0.0,
2017,3,TX,0.0,
2017,4,TX,0.0,
2017,5,TX,0.0,
2017,6,TX,0.0,
2017,7,TX,30.0,0.0509027777777778
2017,8,TX,45.0,0.141111111111111
2017,9,TX,43.0,0.145225510923185
2017,10,TX,57.0,0.0718686868686869
2017,11,TX,56.0,0.121428571428571
2017,12,TX,43.0,0.0913595254874325
2018,1,TX,26.0,0.233226252913753
2018,2,TX,50.0,0.120895995670996
2018,3,TX,68.0,0.191499395212631
2018,4,TX,16.0,0.161888718377976
2018,5,TX,23.0,0.160365246669594
2018,6,TX,32.0,0.108654513888889
2018,7,TX,17.0,0.165989304812834
2018,8,TX,33.0,0.105708765140583
2018,9,TX,41.0,0.0977320152746982
2018,10,TX,51.0,0.139913101604278
2018,11,TX,0.0,
2018,12,TX,0.0,
2019,1,TX,0.0,
2019,2,TX,0.0,
2019,3,TX,0.0,
2019,4,TX,0.0,
2019,5,TX,0.0,
2019,6,TX,146.0,0.18115356190877
2019,7,TX,64.0,0.173706295980886
2019,8,TX,0.0,
2019,9,TX,0.0,
2019,10,TX,0.0,
2019,11,TX,0.0,
2019,12,TX,0.0,
2020,1,TX,0.0,
2012,1,UT,0.0,
2012,2,UT,0.0,
2012,3,UT,0.0,
2012,4,UT,0.0,
2012,5,UT,0.0,
2012,6,UT,0.0,
2012,7,UT,0.0,
2012,8,UT,0.0,
2012,9,UT,0.0,
2012,10,UT,0.0,
2012,11,UT,0.0,
2012,12,UT,0.0,
2013,1,UT,0.0,
2013,2,UT,0.0,
2013,3,UT,0.0,
2013,4,UT,0.0,
2013,5,UT,0.0,
2013,6,UT,0.0,
2013,7,UT,0.0,
2013,8,UT,0.0,
2013,9,UT,0.0,
2013,10,UT,0.0,
2013,11,UT,0.0,
2013,12,UT,0.0,
2014,1,UT,0.0,
2014,2,UT,0.0,
2014,3,UT,0.0,
2014,4,UT,0.0,
2014,5,UT,0.0,
2014,6,UT,0.0,
2014,7,UT,0.0,
2014,8,UT,0.0,
2014,9,UT,0.0,
2014,10,UT,0.0,
2014,11,UT,0.0,
2014,12,UT,0.0,
2015,1,UT,0.0,
2015,2,UT,0.0,
2015,3,UT,0.0,
2015,4,UT,0.0,
2015,5,UT,0.0,
2015,6,UT,0.0,
2015,7,UT,0.0,
2015,8,UT,0.0,
2015,9,UT,0.0,
2015,10,UT,0.0,
2015,11,UT,0.0,
2015,12,UT,0.0,
2016,1,UT,0.0,
2016,2,UT,0.0,
2016,3,UT,0.0,
2016,4,UT,0.0,
2016,5,UT,0.0,
2016,6,UT,0.0,
2016,7,UT,0.0,
2016,8,UT,0.0,
2016,9,UT,0.0,
2016,10,UT,0.0,
2016,11,UT,0.0,
2016,12,UT,0.0,
2017,1,UT,0.0,
2017,2,UT,0.0,
2017,3,UT,0.0,
2017,4,UT,0.0,
2017,5,UT,0.0,
2017,6,UT,0.0,
2017,7,UT,3.0,0.291666666666667
2017,8,UT,9.0,0.0555555555555556
2017,9,UT,7.0,0.0514069264069264
2017,10,UT,6.0,0.0277777777777778
2017,11,UT,7.0,0.0992613636363636
2017,12,UT,3.0,0.158333333333333
2018,1,UT,6.0,0.0538888888888889
2018,2,UT,1.0,0.3
2018,3,UT,10.0,0.122916666666667
2018,4,UT,1.0,0.0333333333333333
2018,5,UT,4.0,0.225849454365079
2018,6,UT,1.0,0.0454545454545454
2018,7,UT,2.0,0.045
2018,8,UT,3.0,-0.0185185185185185
2018,9,UT,1.0,0.175
2018,10,UT,0.0,
2018,11,UT,0.0,
2018,12,UT,0.0,
2019,1,UT,0.0,
2019,2,UT,0.0,
2019,3,UT,0.0,
2019,4,UT,0.0,
2019,5,UT,0.0,
2019,6,UT,4.0,0.0
2019,7,UT,5.0,0.295
2019,8,UT,0.0,
2019,9,UT,0.0,
2019,10,UT,0.0,
2019,11,UT,0.0,
2019,12,UT,0.0,
2020,1,UT,0.0,
2012,1,VT,0.0,
2012,2,VT,0.0,
2012,3,VT,0.0,
2012,4,VT,0.0,
2012,5,VT,0.0,
2012,6,VT,0.0,
2012,7,VT,0.0,
2012,8,VT,0.0,
2012,9,VT,0.0,
2012,10,VT,0.0,
2012,11,VT,0.0,
2012,12,VT,0.0,
2013,1,VT,0.0,
2013,2,VT,0.0,
2013,3,VT,0.0,
2013,4,VT,0.0,
2013,5,VT,0.0,
2013,6,VT,0.0,
2013,7,VT,0.0,
2013,8,VT,0.0,
2013,9,VT,0.0,
2013,10,VT,0.0,
2013,11,VT,0.0,
2013,12,VT,0.0,
2014,1,VT,0.0,
2014,2,VT,0.0,
2014,3,VT,0.0,
2014,4,VT,0.0,
2014,5,VT,0.0,
2014,6,VT,0.0,
2014,7,VT,0.0,
2014,8,VT,0.0,
2014,9,VT,0.0,
2014,10,VT,0.0,
2014,11,VT,0.0,
2014,12,VT,0.0,
2015,1,VT,0.0,
2015,2,VT,0.0,
2015,3,VT,0.0,
2015,4,VT,0.0,
2015,5,VT,0.0,
2015,6,VT,0.0,
2015,7,VT,0.0,
2015,8,VT,0.0,
2015,9,VT,0.0,
2015,10,VT,0.0,
2015,11,VT,0.0,
2015,12,VT,0.0,
2016,1,VT,0.0,
2016,2,VT,0.0,
2016,3,VT,0.0,
2016,4,VT,0.0,
2016,5,VT,0.0,
2016,6,VT,0.0,
2016,7,VT,0.0,
2016,8,VT,0.0,
2016,9,VT,0.0,
2016,10,VT,0.0,
2016,11,VT,0.0,
2016,12,VT,0.0,
2017,1,VT,0.0,
2017,2,VT,0.0,
2017,3,VT,0.0,
2017,4,VT,0.0,
2017,5,VT,0.0,
2017,6,VT,0.0,
2017,7,VT,0.0,
2017,8,VT,0.0,
2017,9,VT,2.0,0.075
2017,10,VT,2.0,0.65
2017,11,VT,0.0,
2017,12,VT,1.0,0.4
2018,1,VT,3.0,0.132839506172839
2018,2,VT,1.0,0.0
2018,3,VT,4.0,0.133928571428571
2018,4,VT,0.0,
2018,5,VT,0.0,
2018,6,VT,3.0,0.0912037037037037
2018,7,VT,7.0,0.0
2018,8,VT,0.0,
2018,9,VT,0.0,
2018,10,VT,0.0,
2018,11,VT,0.0,
2018,12,VT,0.0,
2019,1,VT,0.0,
2019,2,VT,0.0,
2019,3,VT,0.0,
2019,4,VT,0.0,
2019,5,VT,0.0,
2019,6,VT,1.0,0.6
2019,7,VT,6.0,0.0868055555555556
2019,8,VT,0.0,
2019,9,VT,0.0,
2019,10,VT,0.0,
2019,11,VT,0.0,
2019,12,VT,0.0,
2020,1,VT,0.0,
2012,1,VA,0.0,
2012,2,VA,0.0,
2012,3,VA,0.0,
2012,4,VA,0.0,
2012,5,VA,0.0,
2012,6,VA,0.0,
2012,7,VA,0.0,
2012,8,VA,0.0,
2012,9,VA,0.0,
2012,10,VA,0.0,
2012,11,VA,0.0,
2012,12,VA,0.0,
2013,1,VA,0.0,
2013,2,VA,0.0,
2013,3,VA,0.0,
2013,4,VA,0.0,
2013,5,VA,0.0,
2013,6,VA,0.0,
2013,7,VA,0.0,
2013,8,VA,0.0,
2013,9,VA,0.0,
2013,10,VA,0.0,
2013,11,VA,0.0,
2013,12,VA,0.0,
2014,1,VA,0.0,
2014,2,VA,0.0,
2014,3,VA,0.0,
2014,4,VA,0.0,
2014,5,VA,0.0,
2014,6,VA,0.0,
2014,7,VA,0.0,
2014,8,VA,0.0,
2014,9,VA,0.0,
2014,10,VA,0.0,
2014,11,VA,0.0,
2014,12,VA,0.0,
2015,1,VA,0.0,
2015,2,VA,0.0,
2015,3,VA,0.0,
2015,4,VA,0.0,
2015,5,VA,0.0,
2015,6,VA,0.0,
2015,7,VA,0.0,
2015,8,VA,0.0,
2015,9,VA,0.0,
2015,10,VA,0.0,
2015,11,VA,0.0,
2015,12,VA,0.0,
2016,1,VA,0.0,
2016,2,VA,0.0,
2016,3,VA,0.0,
2016,4,VA,0.0,
2016,5,VA,0.0,
2016,6,VA,0.0,
2016,7,VA,0.0,
2016,8,VA,0.0,
2016,9,VA,0.0,
2016,10,VA,0.0,
2016,11,VA,0.0,
2016,12,VA,0.0,
2017,1,VA,0.0,
2017,2,VA,0.0,
2017,3,VA,0.0,
2017,4,VA,0.0,
2017,5,VA,0.0,
2017,6,VA,0.0,
2017,7,VA,6.0,0.217757936507936
2017,8,VA,5.0,0.174166666666667
2017,9,VA,12.0,0.0791666666666667
2017,10,VA,10.0,0.0725
2017,11,VA,14.0,0.154879792826221
2017,12,VA,0.0,
2018,1,VA,7.0,0.13858843537415
2018,2,VA,10.0,0.000833333333333333
2018,3,VA,17.0,0.10046685340803
2018,4,VA,7.0,0.304761904761905
2018,5,VA,6.0,0.272222222222222
2018,6,VA,9.0,0.222541245791246
2018,7,VA,4.0,0.2675
2018,8,VA,4.0,0.317045454545455
2018,9,VA,6.0,0.275286721380471
2018,10,VA,11.0,0.393181818181818
2018,11,VA,0.0,
2018,12,VA,0.0,
2019,1,VA,0.0,
2019,2,VA,0.0,
2019,3,VA,0.0,
2019,4,VA,0.0,
2019,5,VA,0.0,
2019,6,VA,8.0,0.03625
2019,7,VA,18.0,0.150452441077441
2019,8,VA,0.0,
2019,9,VA,0.0,
2019,10,VA,0.0,
2019,11,VA,0.0,
2019,12,VA,0.0,
2020,1,VA,0.0,
2012,1,WA,0.0,
2012,2,WA,0.0,
2012,3,WA,0.0,
2012,4,WA,0.0,
2012,5,WA,0.0,
2012,6,WA,0.0,
2012,7,WA,0.0,
2012,8,WA,0.0,
2012,9,WA,0.0,
2012,10,WA,0.0,
2012,11,WA,0.0,
2012,12,WA,0.0,
2013,1,WA,0.0,
2013,2,WA,0.0,
2013,3,WA,0.0,
2013,4,WA,0.0,
2013,5,WA,0.0,
2013,6,WA,0.0,
2013,7,WA,0.0,
2013,8,WA,0.0,
2013,9,WA,0.0,
2013,10,WA,0.0,
2013,11,WA,0.0,
2013,12,WA,0.0,
2014,1,WA,0.0,
2014,2,WA,0.0,
2014,3,WA,0.0,
2014,4,WA,0.0,
2014,5,WA,0.0,
2014,6,WA,0.0,
2014,7,WA,0.0,
2014,8,WA,0.0,
2014,9,WA,0.0,
2014,10,WA,0.0,
2014,11,WA,0.0,
2014,12,WA,0.0,
2015,1,WA,0.0,
2015,2,WA,0.0,
2015,3,WA,0.0,
2015,4,WA,0.0,
2015,5,WA,0.0,
2015,6,WA,0.0,
2015,7,WA,0.0,
2015,8,WA,0.0,
2015,9,WA,0.0,
2015,10,WA,0.0,
2015,11,WA,0.0,
2015,12,WA,0.0,
2016,1,WA,0.0,
2016,2,WA,0.0,
2016,3,WA,0.0,
2016,4,WA,0.0,
2016,5,WA,0.0,
2016,6,WA,0.0,
2016,7,WA,0.0,
2016,8,WA,0.0,
2016,9,WA,0.0,
2016,10,WA,0.0,
2016,11,WA,0.0,
2016,12,WA,0.0,
2017,1,WA,0.0,
2017,2,WA,0.0,
2017,3,WA,0.0,
2017,4,WA,0.0,
2017,5,WA,0.0,
2017,6,WA,0.0,
2017,7,WA,45.0,0.184723504890172
2017,8,WA,33.0,0.173007346189164
2017,9,WA,31.0,0.0917644183773216
2017,10,WA,24.0,0.131336805555556
2017,11,WA,13.0,0.118247377622378
2017,12,WA,14.0,0.116071428571429
2018,1,WA,18.0,0.0838580246913581
2018,2,WA,18.0,0.11891835016835
2018,3,WA,24.0,0.104821428571429
2018,4,WA,17.0,0.108614081996435
2018,5,WA,17.0,0.167447916666667
2018,6,WA,14.0,0.0764681412337662
2018,7,WA,29.0,0.00831243469174505
2018,8,WA,14.0,0.0911028439153439
2018,9,WA,24.0,0.0876079996392496
2018,10,WA,13.0,0.0412521367521368
2018,11,WA,0.0,
2018,12,WA,0.0,
2019,1,WA,0.0,
2019,2,WA,0.0,
2019,3,WA,0.0,
2019,4,WA,0.0,
2019,5,WA,0.0,
2019,6,WA,7.0,0.0620833333333333
2019,7,WA,65.0,0.134140061327561
2019,8,WA,0.0,
2019,9,WA,0.0,
2019,10,WA,0.0,
2019,11,WA,0.0,
2019,12,WA,0.0,
2020,1,WA,0.0,
2012,1,WV,0.0,
2012,2,WV,0.0,
2012,3,WV,0.0,
2012,4,WV,0.0,
2012,5,WV,0.0,
2012,6,WV,0.0,
2012,7,WV,0.0,
2012,8,WV,0.0,
2012,9,WV,0.0,
2012,10,WV,0.0,
2012,11,WV,0.0,
2012,12,WV,0.0,
2013,1,WV,0.0,
2013,2,WV,0.0,
2013,3,WV,0.0,
2013,4,WV,0.0,
2013,5,WV,0.0,
2013,6,WV,0.0,
2013,7,WV,0.0,
2013,8,WV,0.0,
2013,9,WV,0.0,
2013,10,WV,0.0,
2013,11,WV,0.0,
2013,12,WV,0.0,
2014,1,WV,0.0,
2014,2,WV,0.0,
2014,3,WV,0.0,
2014,4,WV,0.0,
2014,5,WV,0.0,
2014,6,WV,0.0,
2014,7,WV,0.0,
2014,8,WV,0.0,
2014,9,WV,0.0,
2014,10,WV,0.0,
2014,11,WV,0.0,
2014,12,WV,0.0,
2015,1,WV,0.0,
2015,2,WV,0.0,
2015,3,WV,0.0,
2015,4,WV,0.0,
2015,5,WV,0.0,
2015,6,WV,0.0,
2015,7,WV,0.0,
2015,8,WV,0.0,
2015,9,WV,0.0,
2015,10,WV,0.0,
2015,11,WV,0.0,
2015,12,WV,0.0,
2016,1,WV,0.0,
2016,2,WV,0.0,
2016,3,WV,0.0,
2016,4,WV,0.0,
2016,5,WV,0.0,
2016,6,WV,0.0,
2016,7,WV,0.0,
2016,8,WV,0.0,
2016,9,WV,0.0,
2016,10,WV,0.0,
2016,11,WV,0.0,
2016,12,WV,0.0,
2017,1,WV,0.0,
2017,2,WV,0.0,
2017,3,WV,0.0,
2017,4,WV,0.0,
2017,5,WV,0.0,
2017,6,WV,0.0,
2017,7,WV,0.0,
2017,8,WV,0.0,
2017,9,WV,1.0,0.0
2017,10,WV,0.0,
2017,11,WV,1.0,0.5
2017,12,WV,0.0,
2018,1,WV,0.0,
2018,2,WV,0.0,
2018,3,WV,2.0,0.15
2018,4,WV,0.0,
2018,5,WV,0.0,
2018,6,WV,0.0,
2018,7,WV,0.0,
2018,8,WV,0.0,
2018,9,WV,1.0,0.172222222222222
2018,10,WV,0.0,
2018,11,WV,0.0,
2018,12,WV,0.0,
2019,1,WV,0.0,
2019,2,WV,0.0,
2019,3,WV,0.0,
2019,4,WV,0.0,
2019,5,WV,0.0,
2019,6,WV,1.0,-0.00625000000000001
2019,7,WV,2.0,-0.00666666666666666
2019,8,WV,0.0,
2019,9,WV,0.0,
2019,10,WV,0.0,
2019,11,WV,0.0,
2019,12,WV,0.0,
2020,1,WV,0.0,
2012,1,WI,0.0,
2012,2,WI,0.0,
2012,3,WI,0.0,
2012,4,WI,0.0,
2012,5,WI,0.0,
2012,6,WI,0.0,
2012,7,WI,0.0,
2012,8,WI,0.0,
2012,9,WI,0.0,
2012,10,WI,0.0,
2012,11,WI,0.0,
2012,12,WI,0.0,
2013,1,WI,0.0,
2013,2,WI,0.0,
2013,3,WI,0.0,
2013,4,WI,0.0,
2013,5,WI,0.0,
2013,6,WI,0.0,
2013,7,WI,0.0,
2013,8,WI,0.0,
2013,9,WI,0.0,
2013,10,WI,0.0,
2013,11,WI,0.0,
2013,12,WI,0.0,
2014,1,WI,0.0,
2014,2,WI,0.0,
2014,3,WI,0.0,
2014,4,WI,0.0,
2014,5,WI,0.0,
2014,6,WI,0.0,
2014,7,WI,0.0,
2014,8,WI,0.0,
2014,9,WI,0.0,
2014,10,WI,0.0,
2014,11,WI,0.0,
2014,12,WI,0.0,
2015,1,WI,0.0,
2015,2,WI,0.0,
2015,3,WI,0.0,
2015,4,WI,0.0,
2015,5,WI,0.0,
2015,6,WI,0.0,
2015,7,WI,0.0,
2015,8,WI,0.0,
2015,9,WI,0.0,
2015,10,WI,0.0,
2015,11,WI,0.0,
2015,12,WI,0.0,
2016,1,WI,0.0,
2016,2,WI,0.0,
2016,3,WI,0.0,
2016,4,WI,0.0,
2016,5,WI,0.0,
2016,6,WI,0.0,
2016,7,WI,0.0,
2016,8,WI,0.0,
2016,9,WI,0.0,
2016,10,WI,0.0,
2016,11,WI,0.0,
2016,12,WI,0.0,
2017,1,WI,0.0,
2017,2,WI,0.0,
2017,3,WI,0.0,
2017,4,WI,0.0,
2017,5,WI,0.0,
2017,6,WI,0.0,
2017,7,WI,5.0,0.0
2017,8,WI,2.0,0.0
2017,9,WI,3.0,0.0666666666666667
2017,10,WI,5.0,0.0
2017,11,WI,5.0,0.0
2017,12,WI,13.0,0.152622377622378
2018,1,WI,4.0,0.156590909090909
2018,2,WI,5.0,0.0259090909090909
2018,3,WI,6.0,0.15
2018,4,WI,10.0,0.1525
2018,5,WI,4.0,0.0409722222222222
2018,6,WI,4.0,0.27
2018,7,WI,3.0,0.0411111111111111
2018,8,WI,0.0,
2018,9,WI,2.0,0.084375
2018,10,WI,0.0,
2018,11,WI,0.0,
2018,12,WI,0.0,
2019,1,WI,0.0,
2019,2,WI,0.0,
2019,3,WI,0.0,
2019,4,WI,0.0,
2019,5,WI,0.0,
2019,6,WI,3.0,0.0444444444444444
2019,7,WI,13.0,0.124479548229548
2019,8,WI,0.0,
2019,9,WI,0.0,
2019,10,WI,0.0,
2019,11,WI,0.0,
2019,12,WI,0.0,
2020,1,WI,0.0,
2012,1,WY,0.0,
2012,2,WY,0.0,
2012,3,WY,0.0,
2012,4,WY,0.0,
2012,5,WY,0.0,
2012,6,WY,0.0,
2012,7,WY,0.0,
2012,8,WY,0.0,
2012,9,WY,0.0,
2012,10,WY,0.0,
2012,11,WY,0.0,
2012,12,WY,0.0,
2013,1,WY,0.0,
2013,2,WY,0.0,
2013,3,WY,0.0,
2013,4,WY,0.0,
2013,5,WY,0.0,
2013,6,WY,0.0,
2013,7,WY,0.0,
2013,8,WY,0.0,
2013,9,WY,0.0,
2013,10,WY,0.0,
2013,11,WY,0.0,
2013,12,WY,0.0,
2014,1,WY,0.0,
2014,2,WY,0.0,
2014,3,WY,0.0,
2014,4,WY,0.0,
2014,5,WY,0.0,
2014,6,WY,0.0,
2014,7,WY,0.0,
2014,8,WY,0.0,
2014,9,WY,0.0,
2014,10,WY,0.0,
2014,11,WY,0.0,
2014,12,WY,0.0,
2015,1,WY,0.0,
2015,2,WY,0.0,
2015,3,WY,0.0,
2015,4,WY,0.0,
2015,5,WY,0.0,
2015,6,WY,0.0,
2015,7,WY,0.0,
2015,8,WY,0.0,
2015,9,WY,0.0,
2015,10,WY,0.0,
2015,11,WY,0.0,
2015,12,WY,0.0,
2016,1,WY,0.0,
2016,2,WY,0.0,
2016,3,WY,0.0,
2016,4,WY,0.0,
2016,5,WY,0.0,
2016,6,WY,0.0,
2016,7,WY,0.0,
2016,8,WY,0.0,
2016,9,WY,0.0,
2016,10,WY,0.0,
2016,11,WY,0.0,
2016,12,WY,0.0,
2017,1,WY,0.0,
2017,2,WY,0.0,
2017,3,WY,0.0,
2017,4,WY,0.0,
2017,5,WY,0.0,
2017,6,WY,0.0,
2017,7,WY,0.0,
2017,8,WY,2.0,0.135416666666667
2017,9,WY,0.0,
2017,10,WY,0.0,
2017,11,WY,0.0,
2017,12,WY,0.0,
2018,1,WY,0.0,
2018,2,WY,0.0,
2018,3,WY,1.0,0.15
2018,4,WY,1.0,0.1
2018,5,WY,0.0,
2018,6,WY,0.0,
2018,7,WY,0.0,
2018,8,WY,0.0,
2018,9,WY,0.0,
2018,10,WY,0.0,
2018,11,WY,0.0,
2018,12,WY,0.0,
2019,1,WY,0.0,
2019,2,WY,0.0,
2019,3,WY,0.0,
2019,4,WY,0.0,
2019,5,WY,0.0,
2019,6,WY,1.0,0.316666666666667
2019,7,WY,2.0,0.0681818181818182
2019,8,WY,0.0,
2019,9,WY,0.0,
2019,10,WY,0.0,
2019,11,WY,0.0,
2019,12,WY,0.0,
2020,1,WY,0.0,
2012,1,DC,0.0,
2012,2,DC,0.0,
2012,3,DC,0.0,
2012,4,DC,0.0,
2012,5,DC,0.0,
2012,6,DC,0.0,
2012,7,DC,0.0,
2012,8,DC,0.0,
2012,9,DC,0.0,
2012,10,DC,0.0,
2012,11,DC,0.0,
2012,12,DC,0.0,
2013,1,DC,0.0,
2013,2,DC,0.0,
2013,3,DC,0.0,
2013,4,DC,0.0,
2013,5,DC,0.0,
2013,6,DC,0.0,
2013,7,DC,0.0,
2013,8,DC,0.0,
2013,9,DC,0.0,
2013,10,DC,0.0,
2013,11,DC,0.0,
2013,12,DC,0.0,
2014,1,DC,0.0,
2014,2,DC,0.0,
2014,3,DC,0.0,
2014,4,DC,0.0,
2014,5,DC,0.0,
2014,6,DC,0.0,
2014,7,DC,0.0,
2014,8,DC,0.0,
2014,9,DC,0.0,
2014,10,DC,0.0,
2014,11,DC,0.0,
2014,12,DC,0.0,
2015,1,DC,0.0,
2015,2,DC,0.0,
2015,3,DC,0.0,
2015,4,DC,0.0,
2015,5,DC,0.0,
2015,6,DC,0.0,
2015,7,DC,0.0,
2015,8,DC,0.0,
2015,9,DC,0.0,
2015,10,DC,0.0,
2015,11,DC,0.0,
2015,12,DC,0.0,
2016,1,DC,0.0,
2016,2,DC,0.0,
2016,3,DC,0.0,
2016,4,DC,0.0,
2016,5,DC,0.0,
2016,6,DC,0.0,
2016,7,DC,0.0,
2016,8,DC,0.0,
2016,9,DC,0.0,
2016,10,DC,0.0,
2016,11,DC,0.0,
2016,12,DC,0.0,
2017,1,DC,0.0,
2017,2,DC,0.0,
2017,3,DC,0.0,
2017,4,DC,0.0,
2017,5,DC,0.0,
2017,6,DC,0.0,
2017,7,DC,0.0,
2017,8,DC,0.0,
2017,9,DC,2.0,0.325
2017,10,DC,4.0,0.04
2017,11,DC,0.0,
2017,12,DC,1.0,0.25
2018,1,DC,1.0,0.0
2018,2,DC,0.0,
2018,3,DC,1.0,0.15
2018,4,DC,1.0,0.184090909090909
2018,5,DC,0.0,
2018,6,DC,0.0,
2018,7,DC,0.0,
2018,8,DC,0.0,
2018,9,DC,2.0,0.140625
2018,10,DC,1.0,0.25
2018,11,DC,0.0,
2018,12,DC,0.0,
2019,1,DC,0.0,
2019,2,DC,0.0,
2019,3,DC,0.0,
2019,4,DC,0.0,
2019,5,DC,0.0,
2019,6,DC,3.0,0.0722222222222222
2019,7,DC,5.0,0.185844155844156
2019,8,DC,0.0,
2019,9,DC,0.0,
2019,10,DC,0.0,
2019,11,DC,0.0,
2019,12,DC,0.0,
2020,1,DC,0.0,
