id,created_at,retweet_count,favorite_count,deleted,time_downloaded
1139289589343039488,2019-06-13 21:52:59.000000,2.0,5.0,0,2019-07-12 12:24
1139291616953491457,2019-06-13 22:01:03.000000,3.0,0.0,0,2019-07-12 12:24
1139298531276144642,2019-06-13 22:28:31.000000,0.0,1.0,0,2019-07-12 12:24
1139298667087749122,2019-06-13 22:29:04.000000,5.0,18.0,0,2019-07-12 12:24
1139299757338312705,2019-06-13 22:33:23.000000,0.0,1.0,0,2019-07-12 12:24
1139299781271019521,2019-06-13 22:33:29.000000,0.0,0.0,0,2019-07-12 12:24
1139301339635150849,2019-06-13 22:39:41.000000,5.0,0.0,0,2019-07-12 12:24
1139308500398428161,2019-06-13 23:08:08.000000,0.0,1.0,0,2019-07-12 12:24
1139313842716995584,2019-06-13 23:29:22.000000,5.0,0.0,0,2019-07-12 12:24
1139315465912639488,2019-06-13 23:35:49.000000,2.0,24.0,0,2019-07-12 12:24
1139329745924055051,2019-06-14 00:32:33.000000,1.0,10.0,0,2019-07-12 12:24
1139331224974123008,2019-06-14 00:38:26.000000,,,1,2019-07-12 12:24
1139334066900230146,2019-06-14 00:49:44.000000,,,1,2019-07-12 12:24
1139335093280026625,2019-06-14 00:53:48.000000,,,1,2019-07-12 12:24
1139335533233090561,2019-06-14 00:55:33.000000,,,1,2019-07-12 12:24
1139339171208859653,2019-06-14 01:10:00.000000,,,1,2019-07-12 12:24
1139340797365633024,2019-06-14 01:16:28.000000,,,1,2019-07-12 12:24
1139341178233655302,2019-06-14 01:17:59.000000,,,1,2019-07-12 12:24
1139341349197615104,2019-06-14 01:18:40.000000,,,1,2019-07-12 12:24
1139342210942537730,2019-06-14 01:22:05.000000,,,1,2019-07-12 12:24
1139342861525245952,2019-06-14 01:24:40.000000,,,1,2019-07-12 12:24
1139343170213486592,2019-06-14 01:25:54.000000,,,1,2019-07-12 12:24
1139343211745435648,2019-06-14 01:26:04.000000,,,1,2019-07-12 12:24
1139343320772165633,2019-06-14 01:26:30.000000,,,1,2019-07-12 12:24
1139343825774796802,2019-06-14 01:28:30.000000,,,1,2019-07-12 12:24
1139346024387022850,2019-06-14 01:37:14.000000,,,1,2019-07-12 12:24
1139347002112794625,2019-06-14 01:41:08.000000,,,1,2019-07-12 12:24
1139347789777965056,2019-06-14 01:44:15.000000,,,1,2019-07-12 12:24
1139347811315720192,2019-06-14 01:44:20.000000,,,1,2019-07-12 12:24
1139347842185777152,2019-06-14 01:44:28.000000,,,1,2019-07-12 12:24
1139348312375660544,2019-06-14 01:46:20.000000,,,1,2019-07-12 12:24
1139348319296266240,2019-06-14 01:46:22.000000,,,1,2019-07-12 12:24
1139348596829118464,2019-06-14 01:47:28.000000,,,1,2019-07-12 12:24
1139348831336894464,2019-06-14 01:48:24.000000,,,1,2019-07-12 12:24
1139349151932719105,2019-06-14 01:49:40.000000,,,1,2019-07-12 12:24
1139349680150765568,2019-06-14 01:51:46.000000,,,1,2019-07-12 12:24
1139359731762499584,2019-06-14 02:31:42.000000,0.0,0.0,0,2019-07-12 12:24
1139360118129209345,2019-06-14 02:33:15.000000,1.0,1.0,0,2019-07-12 12:24
1139371517723103232,2019-06-14 03:18:32.000000,1.0,0.0,0,2019-07-12 12:24
1139380710072995840,2019-06-14 03:55:04.000000,,,1,2019-07-12 12:24
1140725481303658497,2019-06-17 20:58:43.000000,4.0,0.0,0,2019-07-12 12:24
1140729132336242691,2019-06-17 21:13:13.000000,0.0,4.0,0,2019-07-12 12:24
1140730803061743616,2019-06-17 21:19:51.000000,18.0,0.0,0,2019-07-12 12:24
1140735108498034694,2019-06-17 21:36:58.000000,1.0,3.0,0,2019-07-12 12:24
1140740023156977665,2019-06-17 21:56:30.000000,1.0,16.0,0,2019-07-12 12:24
1140749663320125440,2019-06-17 22:34:48.000000,0.0,15.0,0,2019-07-12 12:24
1140751551838818305,2019-06-17 22:42:18.000000,0.0,0.0,0,2019-07-12 12:24
1140753132894511105,2019-06-17 22:48:35.000000,2.0,0.0,0,2019-07-12 12:24
1140754049563877382,2019-06-17 22:52:14.000000,1.0,3.0,0,2019-07-12 12:24
1140755717110018055,2019-06-17 22:58:51.000000,4.0,0.0,0,2019-07-12 12:24
1140757257908568064,2019-06-17 23:04:59.000000,0.0,2.0,0,2019-07-12 12:24
1140757291169439746,2019-06-17 23:05:07.000000,2.0,0.0,0,2019-07-12 12:24
1140759285825245184,2019-06-17 23:13:02.000000,,,1,2019-07-12 12:24
1140760335164563457,2019-06-17 23:17:12.000000,0.0,0.0,0,2019-07-12 12:24
1140763522655301633,2019-06-17 23:29:52.000000,4.0,17.0,0,2019-07-12 12:24
1140768801237196800,2019-06-17 23:50:51.000000,4.0,0.0,0,2019-07-12 12:24
1140770483765428233,2019-06-17 23:57:32.000000,1.0,0.0,0,2019-07-12 12:24
1140776086323826688,2019-06-18 00:19:48.000000,0.0,0.0,0,2019-07-12 12:24
1140777789374783488,2019-06-18 00:26:34.000000,4.0,0.0,0,2019-07-12 12:24
1140778676285562880,2019-06-18 00:30:05.000000,1.0,12.0,0,2019-07-12 12:24
1140779329921720320,2019-06-18 00:32:41.000000,4.0,0.0,0,2019-07-12 12:24
1140780966295875586,2019-06-18 00:39:11.000000,,,1,2019-07-12 12:24
1140783802756816896,2019-06-18 00:50:27.000000,,,1,2019-07-12 12:24
1140784654326411264,2019-06-18 00:53:51.000000,,,1,2019-07-12 12:24
1140785048624537601,2019-06-18 00:55:25.000000,,,1,2019-07-12 12:24
1140785967600738304,2019-06-18 00:59:04.000000,0.0,1.0,0,2019-07-12 12:24
1140787499649896449,2019-06-18 01:05:09.000000,0.0,0.0,0,2019-07-12 12:24
1140789148929929217,2019-06-18 01:11:42.000000,,,1,2019-07-12 12:24
1140790375612915713,2019-06-18 01:16:35.000000,,,1,2019-07-12 12:24
1140790725489176578,2019-06-18 01:17:58.000000,,,1,2019-07-12 12:24
1140790899787669505,2019-06-18 01:18:40.000000,,,1,2019-07-12 12:24
1140791747741724672,2019-06-18 01:22:02.000000,,,1,2019-07-12 12:24
1140792417270022151,2019-06-18 01:24:41.000000,,,1,2019-07-12 12:24
1140792865125281793,2019-06-18 01:26:28.000000,,,1,2019-07-12 12:24
1140792953704783872,2019-06-18 01:26:49.000000,,,1,2019-07-12 12:24
1140793133510340609,2019-06-18 01:27:32.000000,,,1,2019-07-12 12:24
1140793358958379009,2019-06-18 01:28:26.000000,,,1,2019-07-12 12:24
1140794093255233536,2019-06-18 01:31:21.000000,0.0,1.0,0,2019-07-12 12:24
1140795768770572288,2019-06-18 01:38:00.000000,,,1,2019-07-12 12:24
1140796766725529600,2019-06-18 01:41:58.000000,,,1,2019-07-12 12:24
1140797383913234432,2019-06-18 01:44:25.000000,,,1,2019-07-12 12:24
1140797411058737152,2019-06-18 01:44:32.000000,,,1,2019-07-12 12:24
1140797450472632320,2019-06-18 01:44:41.000000,,,1,2019-07-12 12:24
1140797878031585281,2019-06-18 01:46:23.000000,,,1,2019-07-12 12:24
1140797878211940352,2019-06-18 01:46:23.000000,,,1,2019-07-12 12:24
1140798215656235008,2019-06-18 01:47:44.000000,,,1,2019-07-12 12:24
1140798384393072640,2019-06-18 01:48:24.000000,,,1,2019-07-12 12:24
1140798715130761216,2019-06-18 01:49:43.000000,,,1,2019-07-12 12:24
1140799235316768768,2019-06-18 01:51:47.000000,,,1,2019-07-12 12:24
1140803769942335488,2019-06-18 02:09:48.000000,24.0,135.0,0,2019-07-12 12:24
1140804752298729472,2019-06-18 02:13:42.000000,24.0,0.0,0,2019-07-12 12:24
1140806212847640582,2019-06-18 02:19:30.000000,24.0,0.0,0,2019-07-12 12:24
1140806277490270208,2019-06-18 02:19:46.000000,4.0,0.0,0,2019-07-12 12:24
1140806488883154944,2019-06-18 02:20:36.000000,0.0,0.0,0,2019-07-12 12:24
1140807500964519936,2019-06-18 02:24:38.000000,24.0,0.0,0,2019-07-12 12:24
1140807585207148544,2019-06-18 02:24:58.000000,24.0,0.0,0,2019-07-12 12:24
1140810996547825664,2019-06-18 02:38:31.000000,1.0,10.0,0,2019-07-12 12:24
1140811850336153602,2019-06-18 02:41:55.000000,24.0,0.0,0,2019-07-12 12:24
1140812631902707712,2019-06-18 02:45:01.000000,17.0,0.0,0,2019-07-12 12:24
1140812658775662592,2019-06-18 02:45:07.000000,24.0,0.0,0,2019-07-12 12:24
1140812725980975106,2019-06-18 02:45:23.000000,24.0,0.0,0,2019-07-12 12:24
1140812791302934528,2019-06-18 02:45:39.000000,17.0,0.0,0,2019-07-12 12:24
1140814454403346432,2019-06-18 02:52:15.000000,4.0,0.0,0,2019-07-12 12:24
1140815296267194368,2019-06-18 02:55:36.000000,17.0,0.0,0,2019-07-12 12:24
1140815317599494144,2019-06-18 02:55:41.000000,24.0,0.0,0,2019-07-12 12:24
1140816102454452225,2019-06-18 02:58:48.000000,24.0,0.0,0,2019-07-12 12:24
1140816457854590977,2019-06-18 03:00:13.000000,24.0,0.0,0,2019-07-12 12:24
1140817179862032384,2019-06-18 03:03:05.000000,0.0,1.0,0,2019-07-12 12:24
1140818629426057217,2019-06-18 03:08:51.000000,1.0,0.0,0,2019-07-12 12:24
1140819767521173504,2019-06-18 03:13:22.000000,,,1,2019-07-12 12:24
1140822693123690496,2019-06-18 03:25:00.000000,,,1,2019-07-12 12:24
1140823648753913857,2019-06-18 03:28:47.000000,,,1,2019-07-12 12:24
1140829112744984576,2019-06-18 03:50:30.000000,24.0,0.0,0,2019-07-12 12:24
1140829142344241152,2019-06-18 03:50:37.000000,24.0,0.0,0,2019-07-12 12:24
1140830265515884545,2019-06-18 03:55:05.000000,,,1,2019-07-12 12:24
1140830664260030469,2019-06-18 03:56:40.000000,24.0,0.0,0,2019-07-12 12:24
1140832450572161024,2019-06-18 04:03:46.000000,0.0,25.0,0,2019-07-12 12:24
1140835776449716224,2019-06-18 04:16:59.000000,24.0,0.0,0,2019-07-12 12:24
1140838227542192128,2019-06-18 04:26:43.000000,24.0,0.0,0,2019-07-12 12:24
1140877890852216832,2019-06-18 07:04:20.000000,,,1,2019-07-12 12:24
1140881556032184321,2019-06-18 07:18:54.000000,0.0,1.0,0,2019-07-12 12:24
1140930872843149315,2019-06-18 10:34:52.000000,2.0,7.0,0,2019-07-12 12:24
1140936593173336064,2019-06-18 10:57:36.000000,3.0,4.0,0,2019-07-12 12:24
1140936669639651328,2019-06-18 10:57:54.000000,3.0,0.0,0,2019-07-12 12:24
1140945529628704768,2019-06-18 11:33:06.000000,2.0,0.0,0,2019-07-12 12:24
1140949187435085829,2019-06-18 11:47:38.000000,0.0,0.0,0,2019-07-12 12:24
1140950910371270661,2019-06-18 11:54:29.000000,1.0,0.0,0,2019-07-12 12:24
1140951163266830337,2019-06-18 11:55:29.000000,0.0,1.0,0,2019-07-12 12:24
1140952172273786880,2019-06-18 11:59:30.000000,3.0,0.0,0,2019-07-12 12:24
1140952274434502657,2019-06-18 11:59:54.000000,0.0,5.0,0,2019-07-12 12:24
1140953289267273728,2019-06-18 12:03:56.000000,0.0,6.0,0,2019-07-12 12:24
1140960111176880129,2019-06-18 12:31:03.000000,2.0,0.0,0,2019-07-12 12:24
1140966130363723776,2019-06-18 12:54:58.000000,24.0,0.0,0,2019-07-12 12:24
1140974620503359488,2019-06-18 13:28:42.000000,15.0,0.0,0,2019-07-12 12:24
1140977179238588416,2019-06-18 13:38:52.000000,0.0,0.0,0,2019-07-12 12:24
1140978167156531200,2019-06-18 13:42:48.000000,4.0,0.0,0,2019-07-12 12:24
1140979651743031303,2019-06-18 13:48:42.000000,18.0,0.0,0,2019-07-12 12:24
1140980904669646859,2019-06-18 13:53:40.000000,0.0,0.0,0,2019-07-12 12:24
1140981003370008576,2019-06-18 13:54:04.000000,0.0,0.0,0,2019-07-12 12:24
1140981217011146752,2019-06-18 13:54:55.000000,1.0,2.0,0,2019-07-12 12:24
1140982000385441792,2019-06-18 13:58:01.000000,2.0,37.0,0,2019-07-12 12:24
1140982121932234752,2019-06-18 13:58:30.000000,0.0,4.0,0,2019-07-12 12:24
1140982326425542663,2019-06-18 13:59:19.000000,0.0,1.0,0,2019-07-12 12:24
1140983855551307776,2019-06-18 14:05:24.000000,2.0,0.0,0,2019-07-12 12:24
1140984088930783232,2019-06-18 14:06:19.000000,0.0,2.0,0,2019-07-12 12:24
1140984618381979649,2019-06-18 14:08:26.000000,0.0,19.0,0,2019-07-12 12:24
1140986113563254784,2019-06-18 14:14:22.000000,2.0,4.0,0,2019-07-12 12:24
1140986822304108549,2019-06-18 14:17:11.000000,0.0,7.0,0,2019-07-12 12:24
1140989655124512770,2019-06-18 14:28:27.000000,0.0,0.0,0,2019-07-12 12:24
1140994669381332992,2019-06-18 14:48:22.000000,2.0,0.0,0,2019-07-12 12:24
1140995563921563649,2019-06-18 14:51:55.000000,0.0,2.0,0,2019-07-12 12:24
1140999996021583872,2019-06-18 15:09:32.000000,4.0,0.0,0,2019-07-12 12:24
1141000126053388288,2019-06-18 15:10:03.000000,,,1,2019-07-12 12:24
1141001731452624897,2019-06-18 15:16:26.000000,1.0,7.0,0,2019-07-12 12:24
1141006418226622466,2019-06-18 15:35:03.000000,3.0,10.0,0,2019-07-12 12:24
1141006655997599744,2019-06-18 15:36:00.000000,2.0,2.0,0,2019-07-12 12:24
1141007621861847042,2019-06-18 15:39:50.000000,2.0,5.0,0,2019-07-12 12:24
1141009018196058113,2019-06-18 15:45:23.000000,0.0,1.0,0,2019-07-12 12:24
1141009057685430272,2019-06-18 15:45:32.000000,0.0,24.0,0,2019-07-12 12:24
1141010699935735809,2019-06-18 15:52:04.000000,1.0,2.0,0,2019-07-12 12:24
1141011809505357824,2019-06-18 15:56:29.000000,0.0,9.0,0,2019-07-12 12:24
1141012943045320704,2019-06-18 16:00:59.000000,0.0,1.0,0,2019-07-12 12:24
1141013923455537153,2019-06-18 16:04:53.000000,2.0,8.0,0,2019-07-12 12:24
1141015244619206657,2019-06-18 16:10:08.000000,0.0,9.0,0,2019-07-12 12:24
1141015943264559106,2019-06-18 16:12:54.000000,2.0,0.0,0,2019-07-12 12:24
1141016411533434881,2019-06-18 16:14:46.000000,1.0,0.0,0,2019-07-12 12:24
1141021759979712520,2019-06-18 16:36:01.000000,0.0,3.0,0,2019-07-12 12:24
1141025022775046145,2019-06-18 16:48:59.000000,0.0,4.0,0,2019-07-12 12:24
1141025415890382853,2019-06-18 16:50:33.000000,2.0,0.0,0,2019-07-12 12:24
1141029680360972288,2019-06-18 17:07:29.000000,24.0,0.0,0,2019-07-12 12:24
1141031284065460224,2019-06-18 17:13:52.000000,0.0,5.0,0,2019-07-12 12:24
1141032290836996096,2019-06-18 17:17:52.000000,2.0,0.0,0,2019-07-12 12:24
1141032625899024384,2019-06-18 17:19:12.000000,24.0,0.0,0,2019-07-12 12:24
1141036291150233600,2019-06-18 17:33:45.000000,0.0,1.0,0,2019-07-12 12:24
1141036847965057025,2019-06-18 17:35:58.000000,1.0,0.0,0,2019-07-12 12:24
1141038759011586048,2019-06-18 17:43:34.000000,3.0,12.0,0,2019-07-12 12:24
1141039681427128320,2019-06-18 17:47:14.000000,1.0,2.0,0,2019-07-12 12:24
1141041321228083203,2019-06-18 17:53:45.000000,3.0,0.0,0,2019-07-12 12:24
1141042099900411904,2019-06-18 17:56:50.000000,3.0,32.0,0,2019-07-12 12:24
1141042658342776840,2019-06-18 17:59:03.000000,1.0,0.0,0,2019-07-12 12:24
1141042886814945280,2019-06-18 17:59:58.000000,3.0,0.0,0,2019-07-12 12:24
1141044235958984704,2019-06-18 18:05:20.000000,2.0,4.0,0,2019-07-12 12:24
1141044425042341893,2019-06-18 18:06:05.000000,1.0,5.0,0,2019-07-12 12:24
1141045110806863884,2019-06-18 18:08:48.000000,2.0,0.0,0,2019-07-12 12:24
1141052408514142208,2019-06-18 18:37:48.000000,1.0,7.0,0,2019-07-12 12:24
1141053650459955200,2019-06-18 18:42:44.000000,,,1,2019-07-12 12:24
1141053810724335616,2019-06-18 18:43:22.000000,2.0,2.0,0,2019-07-12 12:24
1141055038296592384,2019-06-18 18:48:15.000000,3.0,0.0,0,2019-07-12 12:24
1141056220188631045,2019-06-18 18:52:57.000000,17.0,0.0,0,2019-07-12 12:24
1141056961779314689,2019-06-18 18:55:54.000000,3.0,0.0,0,2019-07-12 12:24
1141057540358152192,2019-06-18 18:58:12.000000,2.0,0.0,0,2019-07-12 12:24
1141058230002565123,2019-06-18 19:00:56.000000,17.0,0.0,0,2019-07-12 12:24
1141061803654430720,2019-06-18 19:15:08.000000,3.0,10.0,0,2019-07-12 12:24
1141061825385107461,2019-06-18 19:15:13.000000,2.0,3.0,0,2019-07-12 12:24
1141067848803995648,2019-06-18 19:39:09.000000,0.0,0.0,0,2019-07-12 12:24
1141069641009291264,2019-06-18 19:46:17.000000,1.0,5.0,0,2019-07-12 12:24
1141069951849127939,2019-06-18 19:47:31.000000,1.0,0.0,0,2019-07-12 12:24
1141071011842011136,2019-06-18 19:51:43.000000,1.0,0.0,0,2019-07-12 12:24
1141071868599738372,2019-06-18 19:55:08.000000,0.0,3.0,0,2019-07-12 12:24
1141072044131532800,2019-06-18 19:55:50.000000,0.0,0.0,0,2019-07-12 12:24
1141073348782448643,2019-06-18 20:01:01.000000,1.0,8.0,0,2019-07-12 12:24
1141073584951087104,2019-06-18 20:01:57.000000,4.0,0.0,0,2019-07-12 12:24
1141074781124648960,2019-06-18 20:06:42.000000,24.0,0.0,0,2019-07-12 12:24
1141074868701548545,2019-06-18 20:07:03.000000,3.0,0.0,0,2019-07-12 12:24
1141076092037599236,2019-06-18 20:11:55.000000,0.0,0.0,0,2019-07-12 12:24
1141080159203840000,2019-06-18 20:28:04.000000,,,1,2019-07-12 12:24
1141089783168544770,2019-06-18 21:06:19.000000,1.0,0.0,0,2019-07-12 12:24
1141090435554783232,2019-06-18 21:08:54.000000,0.0,4.0,0,2019-07-12 12:24
1141092062588231686,2019-06-18 21:15:22.000000,17.0,0.0,0,2019-07-12 12:24
1141095774958313475,2019-06-18 21:30:07.000000,2.0,2.0,0,2019-07-12 12:24
1141100726510338050,2019-06-18 21:49:48.000000,0.0,1.0,0,2019-07-12 12:24
1141103315306106880,2019-06-18 22:00:05.000000,0.0,0.0,0,2019-07-12 12:24
1141108312911560704,2019-06-18 22:19:57.000000,1.0,7.0,0,2019-07-12 12:24
1141110913908576258,2019-06-18 22:30:17.000000,0.0,2.0,0,2019-07-12 12:24
1141114748878118917,2019-06-18 22:45:31.000000,1.0,0.0,0,2019-07-12 12:24
1141115788167979010,2019-06-18 22:49:39.000000,1.0,1.0,0,2019-07-12 12:24
1141115896791912448,2019-06-18 22:50:05.000000,2.0,1.0,0,2019-07-12 12:24
1141119402902990849,2019-06-18 23:04:01.000000,0.0,3.0,0,2019-07-12 12:24
1141119662253461504,2019-06-18 23:05:03.000000,0.0,0.0,0,2019-07-12 12:24
1141119693790404608,2019-06-18 23:05:10.000000,0.0,0.0,0,2019-07-12 12:24
1141119751604670465,2019-06-18 23:05:24.000000,0.0,0.0,0,2019-07-12 12:24
1141119755211833344,2019-06-18 23:05:25.000000,0.0,0.0,0,2019-07-12 12:24
1141124727563382785,2019-06-18 23:25:10.000000,1.0,0.0,0,2019-07-12 12:24
1141125227558166529,2019-06-18 23:27:09.000000,2.0,0.0,0,2019-07-12 12:24
1141125405144862720,2019-06-18 23:27:52.000000,2.0,0.0,0,2019-07-12 12:24
1141125415140040705,2019-06-18 23:27:54.000000,1.0,0.0,0,2019-07-12 12:24
1141125449487212544,2019-06-18 23:28:02.000000,2.0,0.0,0,2019-07-12 12:24
1141125875167092741,2019-06-18 23:29:44.000000,3.0,0.0,0,2019-07-12 12:24
1141131296355299329,2019-06-18 23:51:16.000000,0.0,4.0,0,2019-07-12 12:24
1141133387266236421,2019-06-18 23:59:35.000000,,,1,2019-07-12 12:24
1141133492031328256,2019-06-19 00:00:00.000000,1.0,5.0,0,2019-07-12 12:24
1141138824770330624,2019-06-19 00:21:11.000000,0.0,10.0,0,2019-07-12 12:24
1141139352506052610,2019-06-19 00:23:17.000000,2.0,8.0,0,2019-07-12 12:24
1141140147448229888,2019-06-19 00:26:27.000000,2.0,0.0,0,2019-07-12 12:24
1141141703404994561,2019-06-19 00:32:38.000000,0.0,0.0,0,2019-07-12 12:24
1141145571283079169,2019-06-19 00:48:00.000000,0.0,10.0,0,2019-07-12 12:24
1141146425524441089,2019-06-19 00:51:23.000000,0.0,6.0,0,2019-07-12 12:24
1141146803104092161,2019-06-19 00:52:53.000000,0.0,0.0,0,2019-07-12 12:24
1141146917239476224,2019-06-19 00:53:21.000000,,,1,2019-07-12 12:24
1141147026580758530,2019-06-19 00:53:47.000000,0.0,4.0,0,2019-07-12 12:24
1141147723808116736,2019-06-19 00:56:33.000000,0.0,6.0,0,2019-07-12 12:24
1141147767622000641,2019-06-19 00:56:43.000000,0.0,6.0,0,2019-07-12 12:24
1141148223601565696,2019-06-19 00:58:32.000000,1.0,0.0,0,2019-07-12 12:24
1141149340045578240,2019-06-19 01:02:58.000000,1.0,12.0,0,2019-07-12 12:24
1141150262368886784,2019-06-19 01:06:38.000000,,,1,2019-07-12 12:24
1141150563079512065,2019-06-19 01:07:50.000000,1.0,0.0,0,2019-07-12 12:24
1141151572065423365,2019-06-19 01:11:51.000000,,,1,2019-07-12 12:24
1141154564835618817,2019-06-19 01:23:44.000000,,,1,2019-07-12 12:24
1141165723773022209,2019-06-19 02:08:05.000000,3.0,0.0,0,2019-07-12 12:24
1141171746906824704,2019-06-19 02:32:01.000000,2.0,4.0,0,2019-07-12 12:24
1141184071831293953,2019-06-19 03:20:59.000000,17.0,0.0,0,2019-07-12 12:24
1141184215008055296,2019-06-19 03:21:33.000000,0.0,0.0,0,2019-07-12 12:24
1141193748505911298,2019-06-19 03:59:26.000000,1.0,15.0,0,2019-07-12 12:24
1141193889652629505,2019-06-19 04:00:00.000000,,,1,2019-07-12 12:24
1141198766411829248,2019-06-19 04:19:23.000000,1.0,0.0,0,2019-07-12 12:24
1141200307361320960,2019-06-19 04:25:30.000000,,,1,2019-07-12 12:24
1141207842273316864,2019-06-19 04:55:26.000000,0.0,6.0,0,2019-07-12 12:24
1141210026813677568,2019-06-19 05:04:07.000000,2.0,0.0,0,2019-07-12 12:24
1141217576393068549,2019-06-19 05:34:07.000000,,,1,2019-07-12 12:24
1141227610535530498,2019-06-19 06:13:59.000000,0.0,3.0,0,2019-07-12 12:24
1141227619813384192,2019-06-19 06:14:02.000000,24.0,0.0,0,2019-07-12 12:24
1141254304097034240,2019-06-19 08:00:04.000000,,,1,2019-07-12 12:24
1141266725322625025,2019-06-19 08:49:25.000000,1.0,0.0,0,2019-07-12 12:24
1141272391273865217,2019-06-19 09:11:56.000000,0.0,0.0,0,2019-07-12 12:24
1141292165311672320,2019-06-19 10:30:31.000000,1.0,10.0,0,2019-07-12 12:24
1141310962647076866,2019-06-19 11:45:12.000000,1.0,0.0,0,2019-07-12 12:24
1141314031757811712,2019-06-19 11:57:24.000000,2.0,0.0,0,2019-07-12 12:24
1141314866537541632,2019-06-19 12:00:43.000000,3.0,0.0,0,2019-07-12 12:24
1141315694837010432,2019-06-19 12:04:00.000000,3.0,0.0,0,2019-07-12 12:24
1141315884490866688,2019-06-19 12:04:46.000000,3.0,0.0,0,2019-07-12 12:24
1141315928333967360,2019-06-19 12:04:56.000000,2.0,0.0,0,2019-07-12 12:24
1141318623241351168,2019-06-19 12:15:39.000000,2.0,0.0,0,2019-07-12 12:24
1141322603681996800,2019-06-19 12:31:28.000000,24.0,0.0,0,2019-07-12 12:24
1141336077946499072,2019-06-19 13:25:00.000000,,,1,2019-07-12 12:24
1141337750156787712,2019-06-19 13:31:39.000000,3.0,0.0,0,2019-07-12 12:24
1141338672626749441,2019-06-19 13:35:19.000000,0.0,2.0,0,2019-07-12 12:24
1141348592399069184,2019-06-19 14:14:44.000000,1.0,0.0,0,2019-07-12 12:24
1141350906778333185,2019-06-19 14:23:56.000000,0.0,5.0,0,2019-07-12 12:24
1141356873574223872,2019-06-19 14:47:38.000000,2.0,0.0,0,2019-07-12 12:24
1141358928799903744,2019-06-19 14:55:48.000000,0.0,2.0,0,2019-07-12 12:24
1141366202759094272,2019-06-19 15:24:42.000000,1.0,0.0,0,2019-07-12 12:24
1141372234381979648,2019-06-19 15:48:41.000000,2.0,0.0,0,2019-07-12 12:24
1141377149149929473,2019-06-19 16:08:12.000000,2.0,0.0,0,2019-07-12 12:24
1141377305844961281,2019-06-19 16:08:50.000000,2.0,0.0,0,2019-07-12 12:24
1141387257217277952,2019-06-19 16:48:22.000000,1.0,3.0,0,2019-07-12 12:24
1141390264377970689,2019-06-19 17:00:19.000000,0.0,4.0,0,2019-07-12 12:24
1141397356031729667,2019-06-19 17:28:30.000000,0.0,1.0,0,2019-07-12 12:24
1141401408979292166,2019-06-19 17:44:36.000000,0.0,0.0,0,2019-07-12 12:24
1141402246992814082,2019-06-19 17:47:56.000000,0.0,0.0,0,2019-07-12 12:24
1141410344331554816,2019-06-19 18:20:07.000000,1.0,1.0,0,2019-07-12 12:24
1141410748410843136,2019-06-19 18:21:43.000000,4.0,14.0,0,2019-07-12 12:24
1141410916698865665,2019-06-19 18:22:23.000000,4.0,0.0,0,2019-07-12 12:24
1141416132987039746,2019-06-19 18:43:07.000000,4.0,0.0,0,2019-07-12 12:24
1141423981611765760,2019-06-19 19:14:18.000000,0.0,0.0,0,2019-07-12 12:24
1141440498353283074,2019-06-19 20:19:56.000000,1.0,6.0,0,2019-07-12 12:24
1141441623466729472,2019-06-19 20:24:24.000000,1.0,2.0,0,2019-07-12 12:24
1141447900548874240,2019-06-19 20:49:21.000000,0.0,0.0,0,2019-07-12 12:24
1141449014556184576,2019-06-19 20:53:46.000000,1.0,0.0,0,2019-07-12 12:24
1141453952241848320,2019-06-19 21:13:24.000000,2.0,15.0,0,2019-07-12 12:24
1141456272472125440,2019-06-19 21:22:37.000000,1.0,0.0,0,2019-07-12 12:24
1141458957850075137,2019-06-19 21:33:17.000000,,,1,2019-07-12 12:24
1141460999670816768,2019-06-19 21:41:24.000000,0.0,1.0,0,2019-07-12 12:24
1141461614174048259,2019-06-19 21:43:50.000000,2.0,0.0,0,2019-07-12 12:24
1141461964033581056,2019-06-19 21:45:14.000000,1.0,16.0,0,2019-07-12 12:24
1141470079609167872,2019-06-19 22:17:29.000000,1.0,7.0,0,2019-07-12 12:24
1141472499286364161,2019-06-19 22:27:06.000000,1.0,0.0,0,2019-07-12 12:24
1141484913658597381,2019-06-19 23:16:25.000000,0.0,10.0,0,2019-07-12 12:24
1141490737093185537,2019-06-19 23:39:34.000000,0.0,3.0,0,2019-07-12 12:24
1141493928815931399,2019-06-19 23:52:15.000000,18.0,0.0,0,2019-07-12 12:24
1141497281058955264,2019-06-20 00:05:34.000000,,,1,2019-07-12 12:24
1141498179415920642,2019-06-20 00:09:08.000000,,,1,2019-07-12 12:24
1141501843979284480,2019-06-20 00:23:42.000000,,,1,2019-07-12 12:24
1141502214491516929,2019-06-20 00:25:10.000000,,,1,2019-07-12 12:24
1141502610245062657,2019-06-20 00:26:45.000000,1.0,0.0,0,2019-07-12 12:24
1141503329094123520,2019-06-20 00:29:36.000000,1.0,2.0,0,2019-07-12 12:24
1141505553438531585,2019-06-20 00:38:26.000000,,,1,2019-07-12 12:24
1141508497630224385,2019-06-20 00:50:08.000000,,,1,2019-07-12 12:24
1141509409283158016,2019-06-20 00:53:46.000000,,,1,2019-07-12 12:24
1141509800464932864,2019-06-20 00:55:19.000000,,,1,2019-07-12 12:24
1141512361687359488,2019-06-20 01:05:29.000000,4.0,0.0,0,2019-07-12 12:24
1141513415678189570,2019-06-20 01:09:41.000000,,,1,2019-07-12 12:24
1141515127704961024,2019-06-20 01:16:29.000000,,,1,2019-07-12 12:24
1141515498766643201,2019-06-20 01:17:57.000000,,,1,2019-07-12 12:24
1141515679528574976,2019-06-20 01:18:40.000000,,,1,2019-07-12 12:24
1141516522894045184,2019-06-20 01:22:02.000000,,,1,2019-07-12 12:24
1141517197493383169,2019-06-20 01:24:42.000000,,,1,2019-07-12 12:24
1141517350941921280,2019-06-20 01:25:19.000000,,,1,2019-07-12 12:24
1141517420185698304,2019-06-20 01:25:35.000000,,,1,2019-07-12 12:24
1141517564360761344,2019-06-20 01:26:10.000000,,,1,2019-07-12 12:24
1141518144865021953,2019-06-20 01:28:28.000000,,,1,2019-07-12 12:24
1141518269096038400,2019-06-20 01:28:58.000000,1.0,0.0,0,2019-07-12 12:24
1141520337743597568,2019-06-20 01:37:11.000000,,,1,2019-07-12 12:24
1141521262688243712,2019-06-20 01:40:52.000000,,,1,2019-07-12 12:24
1141522099217084417,2019-06-20 01:44:11.000000,,,1,2019-07-12 12:24
1141522138064674816,2019-06-20 01:44:20.000000,,,1,2019-07-12 12:24
1141522154229567490,2019-06-20 01:44:24.000000,,,1,2019-07-12 12:24
1141522396387696640,2019-06-20 01:45:22.000000,,,1,2019-07-12 12:24
1141522459969163264,2019-06-20 01:45:37.000000,2.0,0.0,0,2019-07-12 12:24
1141522494718906368,2019-06-20 01:45:45.000000,,,1,2019-07-12 12:24
1141522576184881152,2019-06-20 01:46:05.000000,3.0,0.0,0,2019-07-12 12:24
1141522837712318466,2019-06-20 01:47:07.000000,2.0,0.0,0,2019-07-12 12:24
1141522916770832384,2019-06-20 01:47:26.000000,,,1,2019-07-12 12:24
1141523144332795910,2019-06-20 01:48:20.000000,,,1,2019-07-12 12:24
1141532879110975489,2019-06-20 02:27:01.000000,8.0,9.0,0,2019-07-12 12:24
1141538931135197189,2019-06-20 02:51:04.000000,8.0,0.0,0,2019-07-12 12:24
1141540908632027137,2019-06-20 02:58:56.000000,8.0,0.0,0,2019-07-12 12:24
1141544446053498880,2019-06-20 03:12:59.000000,,,1,2019-07-12 12:24
1141545058879115266,2019-06-20 03:15:25.000000,8.0,0.0,0,2019-07-12 12:24
1141548500334927872,2019-06-20 03:29:06.000000,,,1,2019-07-12 12:24
1141553680723980289,2019-06-20 03:49:41.000000,,,1,2019-07-12 12:24
1141554194580672512,2019-06-20 03:51:43.000000,,,1,2019-07-12 12:24
1141555028676751360,2019-06-20 03:55:02.000000,,,1,2019-07-12 12:24
1141556444799623170,2019-06-20 04:00:40.000000,1.0,0.0,0,2019-07-12 12:24
1141566065723564039,2019-06-20 04:38:53.000000,0.0,2.0,0,2019-07-12 12:24
1141600526745784321,2019-06-20 06:55:50.000000,1.0,0.0,0,2019-07-12 12:24
1141610755986321409,2019-06-20 07:36:28.000000,0.0,1.0,0,2019-07-12 12:24
1141636297125220352,2019-06-20 09:17:58.000000,0.0,7.0,0,2019-07-12 12:25
1141659822313619456,2019-06-20 10:51:27.000000,0.0,1.0,0,2019-07-12 12:25
1141687566418079745,2019-06-20 12:41:42.000000,8.0,0.0,0,2019-07-12 12:25
1141695536648642563,2019-06-20 13:13:22.000000,5.0,46.0,0,2019-07-12 12:25
1141700584447369219,2019-06-20 13:33:25.000000,0.0,0.0,0,2019-07-12 12:25
1141718381919444994,2019-06-20 14:44:09.000000,5.0,0.0,0,2019-07-12 12:25
1141719014533685248,2019-06-20 14:46:39.000000,0.0,0.0,0,2019-07-12 12:25
1141721025329139712,2019-06-20 14:54:39.000000,8.0,0.0,0,2019-07-12 12:25
1141727079618240513,2019-06-20 15:18:42.000000,2.0,8.0,0,2019-07-12 12:25
1141733608656461824,2019-06-20 15:44:39.000000,2.0,0.0,0,2019-07-12 12:25
1141739955846340610,2019-06-20 16:09:52.000000,0.0,0.0,0,2019-07-12 12:25
1141754124477685768,2019-06-20 17:06:10.000000,0.0,5.0,0,2019-07-12 12:25
1141761012867223553,2019-06-20 17:33:33.000000,8.0,0.0,0,2019-07-12 12:25
1141827089135546370,2019-06-20 21:56:06.000000,2.0,0.0,0,2019-07-12 12:25
1141827734957645830,2019-06-20 21:58:40.000000,2.0,6.0,0,2019-07-12 12:25
1141853527280631808,2019-06-20 23:41:10.000000,0.0,2.0,0,2019-07-12 12:25
1141855383818055680,2019-06-20 23:48:32.000000,5.0,0.0,0,2019-07-12 12:25
1141861550455762944,2019-06-21 00:13:03.000000,0.0,2.0,0,2019-07-12 12:25
1141863625675759617,2019-06-21 00:21:17.000000,1.0,0.0,0,2019-07-12 12:25
1141863720517345280,2019-06-21 00:21:40.000000,2.0,0.0,0,2019-07-12 12:25
1141871470685151232,2019-06-21 00:52:28.000000,1.0,0.0,0,2019-07-12 12:25
1141874847519260673,2019-06-21 01:05:53.000000,,,1,2019-07-12 12:25
1141875733079441408,2019-06-21 01:09:24.000000,,,1,2019-07-12 12:25
1141879422838038530,2019-06-21 01:24:04.000000,,,1,2019-07-12 12:25
1141879789797728262,2019-06-21 01:25:31.000000,,,1,2019-07-12 12:25
1141890519435567106,2019-06-21 02:08:09.000000,2.0,0.0,0,2019-07-12 12:25
1141891169007407110,2019-06-21 02:10:44.000000,2.0,0.0,0,2019-07-12 12:25
1141891486998585344,2019-06-21 02:12:00.000000,1.0,3.0,0,2019-07-12 12:25
1141902174823309317,2019-06-21 02:54:28.000000,5.0,0.0,0,2019-07-12 12:25
1141903514706305026,2019-06-21 02:59:48.000000,17.0,0.0,0,2019-07-12 12:25
1141909018526588928,2019-06-21 03:21:40.000000,1.0,0.0,0,2019-07-12 12:25
1141921211254861825,2019-06-21 04:10:07.000000,2.0,0.0,0,2019-07-12 12:25
1142011552289230848,2019-06-21 10:09:06.000000,5.0,0.0,0,2019-07-12 12:25
1142021660423413760,2019-06-21 10:49:16.000000,5.0,13.0,0,2019-07-12 12:25
1142052168914100229,2019-06-21 12:50:30.000000,8.0,0.0,0,2019-07-12 12:25
1142053569908084736,2019-06-21 12:56:04.000000,5.0,0.0,0,2019-07-12 12:25
1142064676920090624,2019-06-21 13:40:12.000000,0.0,0.0,0,2019-07-12 12:25
1142065125236645889,2019-06-21 13:41:59.000000,1.0,4.0,0,2019-07-12 12:25
1142065622139965442,2019-06-21 13:43:57.000000,24.0,0.0,0,2019-07-12 12:25
1142066099866886145,2019-06-21 13:45:51.000000,2.0,0.0,0,2019-07-12 12:25
1142069963018125312,2019-06-21 14:01:12.000000,0.0,4.0,0,2019-07-12 12:25
1142074842046488576,2019-06-21 14:20:35.000000,24.0,0.0,0,2019-07-12 12:25
1142077431404277760,2019-06-21 14:30:53.000000,0.0,1.0,0,2019-07-12 12:25
1142077517358141442,2019-06-21 14:31:13.000000,1.0,0.0,0,2019-07-12 12:25
1142079657988300800,2019-06-21 14:39:43.000000,0.0,1.0,0,2019-07-12 12:25
1142099821878288385,2019-06-21 15:59:51.000000,0.0,10.0,0,2019-07-12 12:25
1142106697584062467,2019-06-21 16:27:10.000000,4.0,12.0,0,2019-07-12 12:25
1142107694259671041,2019-06-21 16:31:08.000000,0.0,13.0,0,2019-07-12 12:25
1142109475316404224,2019-06-21 16:38:12.000000,4.0,0.0,0,2019-07-12 12:25
1142109479770775553,2019-06-21 16:38:14.000000,4.0,0.0,0,2019-07-12 12:25
1142109703931080707,2019-06-21 16:39:07.000000,4.0,0.0,0,2019-07-12 12:25
1142109781152423937,2019-06-21 16:39:25.000000,0.0,1.0,0,2019-07-12 12:25
1142109820188864513,2019-06-21 16:39:35.000000,,,1,2019-07-12 12:25
1142109886345560073,2019-06-21 16:39:50.000000,0.0,4.0,0,2019-07-12 12:25
1142109932998811648,2019-06-21 16:40:02.000000,0.0,0.0,0,2019-07-12 12:25
1142110430665629698,2019-06-21 16:42:00.000000,0.0,0.0,0,2019-07-12 12:25
1142110554221424641,2019-06-21 16:42:30.000000,0.0,2.0,0,2019-07-12 12:25
1142111021949161477,2019-06-21 16:44:21.000000,1.0,7.0,0,2019-07-12 12:25
1142111133819703296,2019-06-21 16:44:48.000000,0.0,0.0,0,2019-07-12 12:25
1142111186290446341,2019-06-21 16:45:00.000000,0.0,1.0,0,2019-07-12 12:25
1142113323544170497,2019-06-21 16:53:30.000000,1.0,0.0,0,2019-07-12 12:25
1142115530104561676,2019-06-21 17:02:16.000000,0.0,1.0,0,2019-07-12 12:25
1142123474225225728,2019-06-21 17:33:50.000000,3.0,0.0,0,2019-07-12 12:25
1142127997744549894,2019-06-21 17:51:49.000000,3.0,12.0,0,2019-07-12 12:25
1142135636662599680,2019-06-21 18:22:10.000000,0.0,0.0,0,2019-07-12 12:25
1142143025877004288,2019-06-21 18:51:32.000000,0.0,2.0,0,2019-07-12 12:25
1142143166880968704,2019-06-21 18:52:05.000000,,,1,2019-07-12 12:25
1142144973841862656,2019-06-21 18:59:16.000000,,,1,2019-07-12 12:25
1142145477674246144,2019-06-21 19:01:16.000000,0.0,9.0,0,2019-07-12 12:25
1142145565939109894,2019-06-21 19:01:37.000000,0.0,2.0,0,2019-07-12 12:25
1142146958955560960,2019-06-21 19:07:09.000000,0.0,5.0,0,2019-07-12 12:25
1142152731777478656,2019-06-21 19:30:06.000000,5.0,0.0,0,2019-07-12 12:25
1142154707147919361,2019-06-21 19:37:57.000000,3.0,0.0,0,2019-07-12 12:25
1142158071088787456,2019-06-21 19:51:19.000000,0.0,1.0,0,2019-07-12 12:25
1142164119166050309,2019-06-21 20:15:21.000000,5.0,0.0,0,2019-07-12 12:25
1142167871935508480,2019-06-21 20:30:15.000000,0.0,0.0,0,2019-07-12 12:25
1142171231497728005,2019-06-21 20:43:36.000000,3.0,0.0,0,2019-07-12 12:25
1142175342733471744,2019-06-21 20:59:56.000000,5.0,27.0,0,2019-07-12 12:25
1142180458345762816,2019-06-21 21:20:16.000000,0.0,1.0,0,2019-07-12 12:25
1142195977476087808,2019-06-21 22:21:56.000000,0.0,0.0,0,2019-07-12 12:25
1142214931095441409,2019-06-21 23:37:15.000000,5.0,0.0,0,2019-07-12 12:25
1142230327169101824,2019-06-22 00:38:26.000000,,,1,2019-07-12 12:25
1142233177920069632,2019-06-22 00:49:45.000000,,,1,2019-07-12 12:25
1142234267348611072,2019-06-22 00:54:05.000000,,,1,2019-07-12 12:25
1142234572152877056,2019-06-22 00:55:18.000000,,,1,2019-07-12 12:25
1142238217867055104,2019-06-22 01:09:47.000000,,,1,2019-07-12 12:25
1142239916514009088,2019-06-22 01:16:32.000000,,,1,2019-07-12 12:25
1142240272207745029,2019-06-22 01:17:57.000000,,,1,2019-07-12 12:25
1142240443696066560,2019-06-22 01:18:38.000000,,,1,2019-07-12 12:25
1142241305692647424,2019-06-22 01:22:03.000000,,,1,2019-07-12 12:25
1142241969487454209,2019-06-22 01:24:42.000000,,,1,2019-07-12 12:25
1142242237025325056,2019-06-22 01:25:45.000000,,,1,2019-07-12 12:25
1142242240275931136,2019-06-22 01:25:46.000000,,,1,2019-07-12 12:25
1142242392344543237,2019-06-22 01:26:22.000000,,,1,2019-07-12 12:25
1142242918390009856,2019-06-22 01:28:28.000000,,,1,2019-07-12 12:25
1142245108047372288,2019-06-22 01:37:10.000000,,,1,2019-07-12 12:25
1142246044337680385,2019-06-22 01:40:53.000000,,,1,2019-07-12 12:25
1142246872045817856,2019-06-22 01:44:10.000000,,,1,2019-07-12 12:25
1142246916820013056,2019-06-22 01:44:21.000000,,,1,2019-07-12 12:25
1142246940526227457,2019-06-22 01:44:27.000000,,,1,2019-07-12 12:25
1142247228817510400,2019-06-22 01:45:35.000000,,,1,2019-07-12 12:25
1142247271863656448,2019-06-22 01:45:46.000000,,,1,2019-07-12 12:25
1142247700022345733,2019-06-22 01:47:28.000000,,,1,2019-07-12 12:25
1142247924807675904,2019-06-22 01:48:21.000000,,,1,2019-07-12 12:25
1142248277045403648,2019-06-22 01:49:45.000000,,,1,2019-07-12 12:25
1142248770022850565,2019-06-22 01:51:43.000000,,,1,2019-07-12 12:25
1142269240881426432,2019-06-22 03:13:04.000000,,,1,2019-07-12 12:25
1142272794316554241,2019-06-22 03:27:11.000000,5.0,0.0,0,2019-07-12 12:25
1142273204309942272,2019-06-22 03:28:48.000000,,,1,2019-07-12 12:25
1142279798984716288,2019-06-22 03:55:01.000000,,,1,2019-07-12 12:25
1142300423920840707,2019-06-22 05:16:58.000000,4.0,0.0,0,2019-07-12 12:25
1142388977762230273,2019-06-22 11:08:51.000000,8.0,0.0,0,2019-07-12 12:25
1142424832073768960,2019-06-22 13:31:19.000000,3.0,26.0,0,2019-07-12 12:25
1142425394643181569,2019-06-22 13:33:33.000000,3.0,0.0,0,2019-07-12 12:25
1142433381726208000,2019-06-22 14:05:18.000000,3.0,0.0,0,2019-07-12 12:25
1142433481928192000,2019-06-22 14:05:42.000000,3.0,0.0,0,2019-07-12 12:25
1142437708708700161,2019-06-22 14:22:29.000000,5.0,0.0,0,2019-07-12 12:25
1142495085378068480,2019-06-22 18:10:29.000000,0.0,2.0,0,2019-07-12 12:25
1142498822939189249,2019-06-22 18:25:20.000000,5.0,0.0,0,2019-07-12 12:25
1142515146817978371,2019-06-22 19:30:12.000000,1.0,0.0,0,2019-07-12 12:25
1142518259285209090,2019-06-22 19:42:34.000000,5.0,0.0,0,2019-07-12 12:25
1142521480984629249,2019-06-22 19:55:22.000000,0.0,0.0,0,2019-07-12 12:25
1142532567733661696,2019-06-22 20:39:26.000000,1.0,6.0,0,2019-07-12 12:25
1142539746834558976,2019-06-22 21:07:57.000000,,,1,2019-07-12 12:25
1142539999616872449,2019-06-22 21:08:57.000000,0.0,2.0,0,2019-07-12 12:25
1142541093554282497,2019-06-22 21:13:18.000000,5.0,0.0,0,2019-07-12 12:25
1142546441744912385,2019-06-22 21:34:33.000000,7.0,19.0,0,2019-07-12 12:25
1142546561483923457,2019-06-22 21:35:02.000000,0.0,0.0,0,2019-07-12 12:25
1142550256313339904,2019-06-22 21:49:43.000000,7.0,0.0,0,2019-07-12 12:25
1142550701106716678,2019-06-22 21:51:29.000000,7.0,0.0,0,2019-07-12 12:25
1142551017013284866,2019-06-22 21:52:44.000000,7.0,0.0,0,2019-07-12 12:25
1142562844845776901,2019-06-22 22:39:44.000000,0.0,2.0,0,2019-07-12 12:25
1142564697801146368,2019-06-22 22:47:06.000000,5.0,0.0,0,2019-07-12 12:25
1142565261364617217,2019-06-22 22:49:20.000000,7.0,0.0,0,2019-07-12 12:25
1142573639105155073,2019-06-22 23:22:38.000000,2.0,0.0,0,2019-07-12 12:25
1142587122119053312,2019-06-23 00:16:12.000000,0.0,0.0,0,2019-07-12 12:25
1142606767169388545,2019-06-23 01:34:16.000000,7.0,0.0,0,2019-07-12 12:25
1142610859589591040,2019-06-23 01:50:32.000000,7.0,0.0,0,2019-07-12 12:25
1142618129664626688,2019-06-23 02:19:25.000000,0.0,6.0,0,2019-07-12 12:25
1142637662748233728,2019-06-23 03:37:02.000000,0.0,0.0,0,2019-07-12 12:25
1142645870174834688,2019-06-23 04:09:39.000000,0.0,0.0,0,2019-07-12 12:25
1142706744197619713,2019-06-23 08:11:32.000000,0.0,0.0,0,2019-07-12 12:25
1142844825647157259,2019-06-23 17:20:14.000000,4.0,0.0,0,2019-07-12 12:25
1142878716965675008,2019-06-23 19:34:54.000000,18.0,0.0,0,2019-07-12 12:25
1142880754856275974,2019-06-23 19:43:00.000000,2.0,0.0,0,2019-07-12 12:25
1142880925753237504,2019-06-23 19:43:41.000000,2.0,0.0,0,2019-07-12 12:25
1142885154991628288,2019-06-23 20:00:29.000000,1.0,1.0,0,2019-07-12 12:25
1142921448669044740,2019-06-23 22:24:42.000000,0.0,2.0,0,2019-07-12 12:25
1142963091610701824,2019-06-24 01:10:10.000000,18.0,0.0,0,2019-07-12 12:25
1143123920834486273,2019-06-24 11:49:15.000000,1.0,3.0,0,2019-07-12 12:25
1143138074458824704,2019-06-24 12:45:30.000000,1.0,0.0,0,2019-07-12 12:25
1143138771250139137,2019-06-24 12:48:16.000000,0.0,2.0,0,2019-07-12 12:25
1143164827390611456,2019-06-24 14:31:48.000000,3.0,0.0,0,2019-07-12 12:25
1143168711391506432,2019-06-24 14:47:14.000000,0.0,0.0,0,2019-07-12 12:25
1143168785907478528,2019-06-24 14:47:32.000000,2.0,0.0,0,2019-07-12 12:25
1143171062135435264,2019-06-24 14:56:34.000000,0.0,4.0,0,2019-07-12 12:25
1143171901851930624,2019-06-24 14:59:55.000000,0.0,1.0,0,2019-07-12 12:25
1143173132695625728,2019-06-24 15:04:48.000000,0.0,0.0,0,2019-07-12 12:25
1143174155996733440,2019-06-24 15:08:52.000000,0.0,3.0,0,2019-07-12 12:25
1143174749171961857,2019-06-24 15:11:14.000000,0.0,0.0,0,2019-07-12 12:25
1143187210717601792,2019-06-24 16:00:45.000000,0.0,0.0,0,2019-07-12 12:25
1143187331068747776,2019-06-24 16:01:13.000000,0.0,1.0,0,2019-07-12 12:25
1143188186870341633,2019-06-24 16:04:37.000000,3.0,6.0,0,2019-07-12 12:25
1143195119862124545,2019-06-24 16:32:10.000000,1.0,0.0,0,2019-07-12 12:25
1143197868267921409,2019-06-24 16:43:06.000000,2.0,0.0,0,2019-07-12 12:25
1143200863827087368,2019-06-24 16:55:00.000000,0.0,1.0,0,2019-07-12 12:25
1143204083051839488,2019-06-24 17:07:47.000000,3.0,0.0,0,2019-07-12 12:25
1143208758753058816,2019-06-24 17:26:22.000000,3.0,0.0,0,2019-07-12 12:25
1143211449994612737,2019-06-24 17:37:04.000000,0.0,1.0,0,2019-07-12 12:25
1143213785295073280,2019-06-24 17:46:20.000000,3.0,0.0,0,2019-07-12 12:25
1143231094122254338,2019-06-24 18:55:07.000000,3.0,14.0,0,2019-07-12 12:25
1143237252056846343,2019-06-24 19:19:35.000000,0.0,0.0,0,2019-07-12 12:25
1143264544212447232,2019-06-24 21:08:02.000000,,,1,2019-07-12 12:25
1143264854104576000,2019-06-24 21:09:16.000000,2.0,0.0,0,2019-07-12 12:25
1143267045586288646,2019-06-24 21:17:59.000000,,,1,2019-07-12 12:25
1143267626136870912,2019-06-24 21:20:17.000000,0.0,2.0,0,2019-07-12 12:25
1143271230696378369,2019-06-24 21:34:37.000000,,,1,2019-07-12 12:25
1143272918463369216,2019-06-24 21:41:19.000000,7.0,15.0,0,2019-07-12 12:25
1143274352273588224,2019-06-24 21:47:01.000000,7.0,0.0,0,2019-07-12 12:25
1143275187145719809,2019-06-24 21:50:20.000000,1.0,0.0,0,2019-07-12 12:25
1143279604838219777,2019-06-24 22:07:53.000000,7.0,0.0,0,2019-07-12 12:25
1143288614438211584,2019-06-24 22:43:41.000000,7.0,0.0,0,2019-07-12 12:25
1143291724774744064,2019-06-24 22:56:03.000000,0.0,2.0,0,2019-07-12 12:25
1143293295310856192,2019-06-24 23:02:17.000000,7.0,0.0,0,2019-07-12 12:25
1143298550836674560,2019-06-24 23:23:10.000000,3.0,0.0,0,2019-07-12 12:25
1143312062061457408,2019-06-25 00:16:51.000000,3.0,0.0,0,2019-07-12 12:25
1143320315558334464,2019-06-25 00:49:39.000000,1.0,8.0,0,2019-07-12 12:25
1143327212248162304,2019-06-25 01:17:04.000000,7.0,0.0,0,2019-07-12 12:25
1143337994465828869,2019-06-25 01:59:54.000000,7.0,0.0,0,2019-07-12 12:25
1143356666936745984,2019-06-25 03:14:06.000000,1.0,0.0,0,2019-07-12 12:25
1143368949284741120,2019-06-25 04:02:54.000000,2.0,17.0,0,2019-07-12 12:25
1143415617896230912,2019-06-25 07:08:21.000000,0.0,0.0,0,2019-07-12 12:25
1143471918705795072,2019-06-25 10:52:04.000000,3.0,0.0,0,2019-07-12 12:25
887350551138099200,2017-07-18 16:37:12,0.0,3.0,0,2019-07-12 12:25
886977970186981376,2017-07-17 15:56:42,1.0,0.0,0,2019-07-12 12:25
886234811215601664,2017-07-15 14:43:39,1.0,6.0,0,2019-07-12 12:25
885204894042476544,2017-07-12 18:31:07,,,1,2019-07-12 12:25
885186279507472386,2017-07-12 17:17:09,0.0,4.0,0,2019-07-12 12:25
883386451643256833,2017-07-07 18:05:17,,,1,2019-07-12 12:25
883383525495406593,2017-07-07 17:53:39,,,1,2019-07-12 12:25
888186792611991552,2017-07-21 0:00:07,,,1,2019-07-12 12:25
888174476243894273,2017-07-20 23:11:11,7.0,0.0,0,2019-07-12 12:25
888157954108608512,2017-07-20 22:05:32,,,1,2019-07-12 12:25
888154161782571008,2017-07-20 21:50:27,,,1,2019-07-12 12:25
888149245399838721,2017-07-20 21:30:55,7.0,0.0,0,2019-07-12 12:25
888118057339469825,2017-07-20 19:26:59,0.0,7.0,0,2019-07-12 12:25
888109887170822146,2017-07-20 18:54:32,1.0,1.0,0,2019-07-12 12:25
888098614798540800,2017-07-20 18:09:44,6.0,0.0,0,2019-07-12 12:25
888098514504470528,2017-07-20 18:09:20,6.0,0.0,0,2019-07-12 12:25
888096278177034244,2017-07-20 18:00:27,0.0,0.0,0,2019-07-12 12:25
888090647856656384,2017-07-20 17:38:05,3.0,0.0,0,2019-07-12 12:25
888088208038387712,2017-07-20 17:28:23,,,1,2019-07-12 12:25
888083170972770304,2017-07-20 17:08:22,0.0,0.0,0,2019-07-12 12:25
888081463983386624,2017-07-20 17:01:35,1.0,0.0,0,2019-07-12 12:25
888081125188546561,2017-07-20 17:00:14,1.0,3.0,0,2019-07-12 12:25
888077344409346048,2017-07-20 16:45:13,8.0,0.0,0,2019-07-12 12:25
888064359473192960,2017-07-20 15:53:37,2.0,0.0,0,2019-07-12 12:25
888061740860289024,2017-07-20 15:43:13,7.0,0.0,0,2019-07-12 12:25
888055986497269762,2017-07-20 15:20:21,1.0,1.0,0,2019-07-12 12:25
888054433812103168,2017-07-20 15:14:10,,,1,2019-07-12 12:25
888054431597477888,2017-07-20 15:14:10,0.0,0.0,0,2019-07-12 12:25
888052313264463872,2017-07-20 15:05:45,3.0,0.0,0,2019-07-12 12:25
888050398921015296,2017-07-20 14:58:08,,,1,2019-07-12 12:25
888049860812972032,2017-07-20 14:56:00,0.0,1.0,0,2019-07-12 12:25
888049096086388741,2017-07-20 14:52:58,7.0,0.0,0,2019-07-12 12:25
888045871455248384,2017-07-20 14:40:09,7.0,0.0,0,2019-07-12 12:25
888043399214968836,2017-07-20 14:30:20,7.0,11.0,0,2019-07-12 12:25
888043095144714241,2017-07-20 14:29:07,,,1,2019-07-12 12:25
888042893792948224,2017-07-20 14:28:19,,,1,2019-07-12 12:25
888041133502218241,2017-07-20 14:21:19,0.0,0.0,0,2019-07-12 12:25
888021329445871620,2017-07-20 13:02:38,,,1,2019-07-12 12:25
888021019977539585,2017-07-20 13:01:24,0.0,1.0,0,2019-07-12 12:25
888016411867721729,2017-07-20 12:43:05,10.0,0.0,0,2019-07-12 12:25
887999890982404097,2017-07-20 11:37:26,,,1,2019-07-12 12:25
887964299314044929,2017-07-20 9:16:01,3.0,0.0,0,2019-07-12 12:25
887964249838022656,2017-07-20 9:15:49,3.0,0.0,0,2019-07-12 12:25
887961354526535681,2017-07-20 9:04:19,1.0,0.0,0,2019-07-12 12:25
887952016445587458,2017-07-20 8:27:12,,,1,2019-07-12 12:25
887912936584466432,2017-07-20 5:51:55,3.0,5.0,0,2019-07-12 12:25
887902930061279232,2017-07-20 5:12:09,0.0,0.0,0,2019-07-12 12:25
887897716021448704,2017-07-20 4:51:26,,,1,2019-07-12 12:25
887888590440587265,2017-07-20 4:15:10,0.0,0.0,0,2019-07-12 12:25
887871499889033216,2017-07-20 3:07:16,1.0,0.0,0,2019-07-12 12:25
887852138797424640,2017-07-20 1:50:20,8.0,0.0,0,2019-07-12 12:25
887849326273208320,2017-07-20 1:39:09,0.0,0.0,0,2019-07-12 12:25
887848217462833152,2017-07-20 1:34:45,8.0,0.0,0,2019-07-12 12:25
887845905533210624,2017-07-20 1:25:33,0.0,1.0,0,2019-07-12 12:25
887842714431221760,2017-07-20 1:12:53,,,1,2019-07-12 12:25
887834758390071300,2017-07-20 0:41:16,2.0,1.0,0,2019-07-12 12:25
887829712487104512,2017-07-20 0:21:13,,,1,2019-07-12 12:25
887814285954560001,2017-07-19 23:19:55,,,1,2019-07-12 12:25
887808007781978113,2017-07-19 22:54:58,1.0,0.0,0,2019-07-12 12:25
887805310701682688,2017-07-19 22:44:15,0.0,0.0,0,2019-07-12 12:25
887781387939348482,2017-07-19 21:09:11,2.0,0.0,0,2019-07-12 12:25
887773756827074560,2017-07-19 20:38:52,,,1,2019-07-12 12:25
887763555616993281,2017-07-19 19:58:20,8.0,0.0,0,2019-07-12 12:25
887763412813348864,2017-07-19 19:57:46,8.0,0.0,0,2019-07-12 12:25
887761610563104769,2017-07-19 19:50:36,1.0,0.0,0,2019-07-12 12:25
887760247850401792,2017-07-19 19:45:11,8.0,0.0,0,2019-07-12 12:25
887757294733336576,2017-07-19 19:33:27,8.0,0.0,0,2019-07-12 12:25
887752739870081025,2017-07-19 19:15:21,8.0,11.0,0,2019-07-12 12:25
887744004116201472,2017-07-19 18:40:38,0.0,3.0,0,2019-07-12 12:25
887736963410931719,2017-07-19 18:12:40,1.0,0.0,0,2019-07-12 12:25
887731889221644295,2017-07-19 17:52:30,1.0,0.0,0,2019-07-12 12:25
887731797844537354,2017-07-19 17:52:08,2.0,12.0,0,2019-07-12 12:25
887727818649591808,2017-07-19 17:36:19,1.0,1.0,0,2019-07-12 12:25
887726273060929536,2017-07-19 17:30:11,0.0,0.0,0,2019-07-12 12:25
887708212681555968,2017-07-19 16:18:25,0.0,0.0,0,2019-07-12 12:25
887704431508070400,2017-07-19 16:03:23,,,1,2019-07-12 12:25
887693981433430017,2017-07-19 15:21:52,,,1,2019-07-12 12:25
887683693958971392,2017-07-19 14:40:59,0.0,1.0,0,2019-07-12 12:25
887683269742911488,2017-07-19 14:39:18,4.0,0.0,0,2019-07-12 12:25
887671425166979072,2017-07-19 13:52:14,6.0,0.0,0,2019-07-12 12:25
887664219746955265,2017-07-19 13:23:36,,,1,2019-07-12 12:25
887662067624402949,2017-07-19 13:15:03,6.0,0.0,0,2019-07-12 12:25
887659557752901632,2017-07-19 13:05:05,10.0,0.0,0,2019-07-12 12:25
887656612198002689,2017-07-19 12:53:22,6.0,0.0,0,2019-07-12 12:25
887656604623142912,2017-07-19 12:53:21,6.0,0.0,0,2019-07-12 12:25
887656526365720576,2017-07-19 12:53:02,6.0,4.0,0,2019-07-12 12:25
887653097639751681,2017-07-19 12:39:24,,,1,2019-07-12 12:25
887622125430767616,2017-07-19 10:36:20,,,1,2019-07-12 12:25
887622125170810880,2017-07-19 10:36:20,,,1,2019-07-12 12:25
887622120426975232,2017-07-19 10:36:19,,,1,2019-07-12 12:25
887621627613138949,2017-07-19 10:34:21,,,1,2019-07-12 12:25
887596619281055745,2017-07-19 8:54:59,0.0,0.0,0,2019-07-12 12:25
887594273192820737,2017-07-19 8:45:40,0.0,0.0,0,2019-07-12 12:25
887570222894284801,2017-07-19 7:10:06,0.0,0.0,0,2019-07-12 12:25
887552908354478081,2017-07-19 6:01:17,0.0,0.0,0,2019-07-12 12:25
887531742638342146,2017-07-19 4:37:11,1.0,0.0,0,2019-07-12 12:25
887514020298854404,2017-07-19 3:26:46,,,1,2019-07-12 12:25
887495512777031680,2017-07-19 2:13:13,1.0,0.0,0,2019-07-12 12:25
887479736636764160,2017-07-19 1:10:32,0.0,2.0,0,2019-07-12 12:25
887479568650653696,2017-07-19 1:09:52,10.0,0.0,0,2019-07-12 12:25
887476862112342016,2017-07-19 0:59:07,0.0,0.0,0,2019-07-12 12:25
887472592214409217,2017-07-19 0:42:09,0.0,0.0,0,2019-07-12 12:25
887464354311946240,2017-07-19 0:09:25,,,1,2019-07-12 12:25
887424888662888448,2017-07-18 21:32:35,,,1,2019-07-12 12:25
887418507813568514,2017-07-18 21:07:14,1.0,0.0,0,2019-07-12 12:25
887416691419774976,2017-07-18 21:00:01,0.0,0.0,0,2019-07-12 12:25
887414464806477824,2017-07-18 20:51:10,0.0,0.0,0,2019-07-12 12:25
887397849473744896,2017-07-18 19:45:09,0.0,0.0,0,2019-07-12 12:25
887390710311272448,2017-07-18 19:16:46,1.0,2.0,0,2019-07-12 12:25
887387279219605504,2017-07-18 19:03:08,,,1,2019-07-12 12:25
887383144009216001,2017-07-18 18:46:42,1.0,3.0,0,2019-07-12 12:25
887382037245476864,2017-07-18 18:42:19,,,1,2019-07-12 12:25
887372046077804545,2017-07-18 18:02:37,1.0,0.0,0,2019-07-12 12:25
887364217153650688,2017-07-18 17:31:30,0.0,1.0,0,2019-07-12 12:25
887359690899939328,2017-07-18 17:13:31,10.0,0.0,0,2019-07-12 12:25
887356469754155008,2017-07-18 17:00:43,10.0,0.0,0,2019-07-12 12:25
887355859541442564,2017-07-18 16:58:17,1.0,1.0,0,2019-07-12 12:25
887345976477757441,2017-07-18 16:19:01,1.0,0.0,0,2019-07-12 12:25
887328522779447296,2017-07-18 15:09:40,0.0,1.0,0,2019-07-12 12:25
887322361782980608,2017-07-18 14:45:11,0.0,0.0,0,2019-07-12 12:25
887320897106739200,2017-07-18 14:39:22,0.0,0.0,0,2019-07-12 12:25
887318490717310976,2017-07-18 14:29:48,,,1,2019-07-12 12:25
887315772183371777,2017-07-18 14:19:00,1.0,3.0,0,2019-07-12 12:25
887315574350532608,2017-07-18 14:18:13,0.0,0.0,0,2019-07-12 12:25
887314147465191424,2017-07-18 14:12:32,0.0,1.0,0,2019-07-12 12:25
887305525141970944,2017-07-18 13:38:17,0.0,0.0,0,2019-07-12 12:25
887305522453520384,2017-07-18 13:38:16,0.0,0.0,0,2019-07-12 12:25
887285720133636096,2017-07-18 12:19:35,,,1,2019-07-12 12:25
887285719307366400,2017-07-18 12:19:35,,,1,2019-07-12 12:25
887279094559264768,2017-07-18 11:53:15,,,1,2019-07-12 12:25
887267253191823360,2017-07-18 11:06:12,0.0,0.0,0,2019-07-12 12:25
887267236620099584,2017-07-18 11:06:08,0.0,0.0,0,2019-07-12 12:25
887228214476775424,2017-07-18 8:31:04,,,1,2019-07-12 12:25
887208869503434752,2017-07-18 7:14:12,,,1,2019-07-12 12:25
887186882844667904,2017-07-18 5:46:50,,,1,2019-07-12 12:25
887180150978166784,2017-07-18 5:20:05,0.0,0.0,0,2019-07-12 12:25
887153569912291329,2017-07-18 3:34:28,,,1,2019-07-12 12:25
887153477272485888,2017-07-18 3:34:06,0.0,0.0,0,2019-07-12 12:25
887118007041835009,2017-07-18 1:13:09,0.0,0.0,0,2019-07-12 12:25
887114516483506181,2017-07-18 0:59:17,2.0,0.0,0,2019-07-12 12:25
887092691443515392,2017-07-17 23:32:33,0.0,0.0,0,2019-07-12 12:25
887040009236348928,2017-07-17 20:03:13,,,1,2019-07-12 12:25
887035725266300930,2017-07-17 19:46:11,0.0,0.0,0,2019-07-12 12:25
886990938123284480,2017-07-17 16:48:13,0.0,0.0,0,2019-07-12 12:25
886977603722256384,2017-07-17 15:55:14,10.0,0.0,0,2019-07-12 12:25
886977020747546624,2017-07-17 15:52:55,10.0,12.0,0,2019-07-12 12:25
886968306497880068,2017-07-17 15:18:18,0.0,4.0,0,2019-07-12 12:25
886967547811119106,2017-07-17 15:15:17,0.0,0.0,0,2019-07-12 12:25
886936296022839297,2017-07-17 13:11:06,2.0,0.0,0,2019-07-12 12:25
886936216989569025,2017-07-17 13:10:47,2.0,2.0,0,2019-07-12 12:25
886909385523445760,2017-07-17 11:24:10,0.0,0.0,0,2019-07-12 12:25
886896307884900352,2017-07-17 10:32:12,0.0,0.0,0,2019-07-12 12:25
886891003231195136,2017-07-17 10:11:07,0.0,0.0,0,2019-07-12 12:25
886880195520503808,2017-07-17 9:28:10,0.0,0.0,0,2019-07-12 12:25
886844715974275073,2017-07-17 7:07:11,,,1,2019-07-12 12:25
886838151892746240,2017-07-17 6:41:06,0.0,0.0,0,2019-07-12 12:25
886835474719027200,2017-07-17 6:30:28,,,1,2019-07-12 12:25
886831359850840064,2017-07-17 6:14:07,,,1,2019-07-12 12:25
886816683947642880,2017-07-17 5:15:48,,,1,2019-07-12 12:25
886814917407408128,2017-07-17 5:08:47,0.0,0.0,0,2019-07-12 12:25
886801619312103425,2017-07-17 4:15:56,,,1,2019-07-12 12:25
886798214405521408,2017-07-17 4:02:24,,,1,2019-07-12 12:25
886744992429076480,2017-07-17 0:30:55,,,1,2019-07-12 12:25
886724415240650752,2017-07-16 23:09:09,0.0,0.0,0,2019-07-12 12:25
886718877010468864,2017-07-16 22:47:09,,,1,2019-07-12 12:25
886713851953020928,2017-07-16 22:27:11,0.0,0.0,0,2019-07-12 12:25
886690443097808900,2017-07-16 20:54:10,,,1,2019-07-12 12:25
886685020210855936,2017-07-16 20:32:37,0.0,0.0,0,2019-07-12 12:25
886681507405889536,2017-07-16 20:18:39,,,1,2019-07-12 12:25
886681505854042112,2017-07-16 20:18:39,,,1,2019-07-12 12:25
886680630951419904,2017-07-16 20:15:10,0.0,0.0,0,2019-07-12 12:25
886675354823278592,2017-07-16 19:54:12,0.0,0.0,0,2019-07-12 12:25
886673341041463297,2017-07-16 19:46:12,0.0,0.0,0,2019-07-12 12:25
886661751466450944,2017-07-16 19:00:09,,,1,2019-07-12 12:25
886658731362013186,2017-07-16 18:48:09,0.0,1.0,0,2019-07-12 12:25
886638111031140352,2017-07-16 17:26:13,0.0,0.0,0,2019-07-12 12:25
886635331327451137,2017-07-16 17:15:10,0.0,0.0,0,2019-07-12 12:25
886633781125406720,2017-07-16 17:09:00,,,1,2019-07-12 12:25
886630288209584132,2017-07-16 16:55:08,,,1,2019-07-12 12:26
886581215939051521,2017-07-16 13:40:08,0.0,0.0,0,2019-07-12 12:26
886580036412821504,2017-07-16 13:35:27,,,1,2019-07-12 12:26
886578195637477377,2017-07-16 13:28:08,0.0,0.0,0,2019-07-12 12:26
886538681590333442,2017-07-16 10:51:07,0.0,0.0,0,2019-07-12 12:26
886536173073584129,2017-07-16 10:41:09,0.0,0.0,0,2019-07-12 12:26
886531435737362432,2017-07-16 10:22:19,,,1,2019-07-12 12:26
886505216379502592,2017-07-16 8:38:08,0.0,0.0,0,2019-07-12 12:26
886437775892807680,2017-07-16 4:10:09,0.0,0.0,0,2019-07-12 12:26
886423176955035648,2017-07-16 3:12:08,,,1,2019-07-12 12:26
886423127135322112,2017-07-16 3:11:57,,,1,2019-07-12 12:26
886419868333072386,2017-07-16 2:59:00,,,1,2019-07-12 12:26
886416548516298753,2017-07-16 2:45:48,0.0,0.0,0,2019-07-12 12:26
886415125862785024,2017-07-16 2:40:09,0.0,0.0,0,2019-07-12 12:26
886413344625745920,2017-07-16 2:33:04,0.0,0.0,0,2019-07-12 12:26
886400359689850881,2017-07-16 1:41:28,,,1,2019-07-12 12:26
886393264693063681,2017-07-16 1:13:17,,,1,2019-07-12 12:26
886393257856335872,2017-07-16 1:13:15,,,1,2019-07-12 12:26
886393256136671232,2017-07-16 1:13:15,,,1,2019-07-12 12:26
886393256015155200,2017-07-16 1:13:15,,,1,2019-07-12 12:26
886393255578947584,2017-07-16 1:13:15,,,1,2019-07-12 12:26
886393254597451777,2017-07-16 1:13:14,,,1,2019-07-12 12:26
886393254211485696,2017-07-16 1:13:14,,,1,2019-07-12 12:26
886393251078430720,2017-07-16 1:13:14,,,1,2019-07-12 12:26
886393248289247232,2017-07-16 1:13:13,,,1,2019-07-12 12:26
886393247945302016,2017-07-16 1:13:13,,,1,2019-07-12 12:26
886393247047622656,2017-07-16 1:13:13,,,1,2019-07-12 12:26
886393242480107523,2017-07-16 1:13:12,,,1,2019-07-12 12:26
886393242459152384,2017-07-16 1:13:12,,,1,2019-07-12 12:26
886393240643018752,2017-07-16 1:13:11,,,1,2019-07-12 12:26
886393240370397184,2017-07-16 1:13:11,,,1,2019-07-12 12:26
886393238105473024,2017-07-16 1:13:11,,,1,2019-07-12 12:26
886393016268845057,2017-07-16 1:12:18,,,1,2019-07-12 12:26
886367056794312704,2017-07-15 23:29:08,,,1,2019-07-12 12:26
886365225330524162,2017-07-15 23:21:52,0.0,0.0,0,2019-07-12 12:26
886362154378690560,2017-07-15 23:09:40,,,1,2019-07-12 12:26
886356382794076160,2017-07-15 22:46:44,2.0,0.0,0,2019-07-12 12:26
886356381502197761,2017-07-15 22:46:43,2.0,0.0,0,2019-07-12 12:26
886340404911546369,2017-07-15 21:43:14,0.0,0.0,0,2019-07-12 12:26
886336145226903552,2017-07-15 21:26:19,,,1,2019-07-12 12:26
886300732743233536,2017-07-15 19:05:36,0.0,0.0,0,2019-07-12 12:26
886252333910249472,2017-07-15 15:53:16,4.0,0.0,0,2019-07-12 12:26
886250544913825792,2017-07-15 15:46:10,0.0,0.0,0,2019-07-12 12:26
886239522601697282,2017-07-15 15:02:22,2.0,1.0,0,2019-07-12 12:26
886235779864940544,2017-07-15 14:47:30,,,1,2019-07-12 12:26
886234295551102976,2017-07-15 14:41:36,,,1,2019-07-12 12:26
886232691435122689,2017-07-15 14:35:13,0.0,0.0,0,2019-07-12 12:26
886221346656591876,2017-07-15 13:50:08,,,1,2019-07-12 12:26
886221345079480320,2017-07-15 13:50:08,,,1,2019-07-12 12:26
886221343242428416,2017-07-15 13:50:08,,,1,2019-07-12 12:26
886221342214836224,2017-07-15 13:50:07,,,1,2019-07-12 12:26
886221342130921472,2017-07-15 13:50:07,,,1,2019-07-12 12:26
886221341958881280,2017-07-15 13:50:07,,,1,2019-07-12 12:26
886221341438820352,2017-07-15 13:50:07,,,1,2019-07-12 12:26
886221339245166594,2017-07-15 13:50:07,,,1,2019-07-12 12:26
886221338238607360,2017-07-15 13:50:06,,,1,2019-07-12 12:26
886221338200817664,2017-07-15 13:50:06,,,1,2019-07-12 12:26
886221337743704064,2017-07-15 13:50:06,,,1,2019-07-12 12:26
886221336854396928,2017-07-15 13:50:06,,,1,2019-07-12 12:26
886221336393129985,2017-07-15 13:50:06,,,1,2019-07-12 12:26
886221336200093696,2017-07-15 13:50:06,,,1,2019-07-12 12:26
886221336128782336,2017-07-15 13:50:06,,,1,2019-07-12 12:26
886221334547636230,2017-07-15 13:50:06,,,1,2019-07-12 12:26
886221333897527298,2017-07-15 13:50:05,,,1,2019-07-12 12:26
886221333876494336,2017-07-15 13:50:05,,,1,2019-07-12 12:26
886221333629091840,2017-07-15 13:50:05,,,1,2019-07-12 12:26
886221333062795265,2017-07-15 13:50:05,,,1,2019-07-12 12:26
886221330814615552,2017-07-15 13:50:05,,,1,2019-07-12 12:26
886220892421984257,2017-07-15 13:48:20,,,1,2019-07-12 12:26
886220891503423488,2017-07-15 13:48:20,,,1,2019-07-12 12:26
886217171679891457,2017-07-15 13:33:33,0.0,2.0,0,2019-07-12 12:26
886215315117322240,2017-07-15 13:26:10,0.0,0.0,0,2019-07-12 12:26
886210398084415488,2017-07-15 13:06:38,0.0,0.0,0,2019-07-12 12:26
886205091329527809,2017-07-15 12:45:33,,,1,2019-07-12 12:26
886194937435258880,2017-07-15 12:05:12,,,1,2019-07-12 12:26
886189899409444864,2017-07-15 11:45:11,,,1,2019-07-12 12:26
886188374939148288,2017-07-15 11:39:07,0.0,0.0,0,2019-07-12 12:26
886167532989820928,2017-07-15 10:16:18,,,1,2019-07-12 12:26
886110036849774593,2017-07-15 6:27:50,,,1,2019-07-12 12:26
886107257712332800,2017-07-15 6:16:47,,,1,2019-07-12 12:26
886102571630198784,2017-07-15 5:58:10,,,1,2019-07-12 12:26
886068332121669632,2017-07-15 3:42:07,0.0,0.0,0,2019-07-12 12:26
886059781613539330,2017-07-15 3:08:08,0.0,0.0,0,2019-07-12 12:26
886055831153848321,2017-07-15 2:52:26,7.0,0.0,0,2019-07-12 12:26
886053647330758656,2017-07-15 2:43:46,7.0,0.0,0,2019-07-12 12:26
886034954995544064,2017-07-15 1:29:29,4.0,0.0,0,2019-07-12 12:26
886013983165042688,2017-07-15 0:06:09,0.0,0.0,0,2019-07-12 12:26
886008175052242944,2017-07-14 23:43:04,0.0,0.0,0,2019-07-12 12:26
886002696448344065,2017-07-14 23:21:18,7.0,0.0,0,2019-07-12 12:26
885993839755964416,2017-07-14 22:46:07,7.0,0.0,0,2019-07-12 12:26
885979891316994050,2017-07-14 21:50:41,7.0,0.0,0,2019-07-12 12:26
885975245458427904,2017-07-14 21:32:13,0.0,1.0,0,2019-07-12 12:26
885974740850032640,2017-07-14 21:30:13,0.0,0.0,0,2019-07-12 12:26
885966552625029120,2017-07-14 20:57:41,,,1,2019-07-12 12:26
885965377783595008,2017-07-14 20:53:01,,,1,2019-07-12 12:26
885964300568932352,2017-07-14 20:48:44,7.0,0.0,0,2019-07-12 12:26
885963173588746240,2017-07-14 20:44:15,,,1,2019-07-12 12:26
885957852380016640,2017-07-14 20:23:06,,,1,2019-07-12 12:26
885952865159843840,2017-07-14 20:03:17,7.0,0.0,0,2019-07-12 12:26
885935287272189952,2017-07-14 18:53:27,3.0,0.0,0,2019-07-12 12:26
885926683949146112,2017-07-14 18:19:15,0.0,0.0,0,2019-07-12 12:26
885922785054347265,2017-07-14 18:03:46,7.0,20.0,0,2019-07-12 12:26
885921904061628416,2017-07-14 18:00:16,,,1,2019-07-12 12:26
885921893852651520,2017-07-14 18:00:13,,,1,2019-07-12 12:26
885921198613331973,2017-07-14 17:57:28,,,1,2019-07-12 12:26
885921193920000001,2017-07-14 17:57:26,,,1,2019-07-12 12:26
885918759961083905,2017-07-14 17:47:46,4.0,0.0,0,2019-07-12 12:26
885906375553019904,2017-07-14 16:58:33,3.0,0.0,0,2019-07-12 12:26
885906290177736704,2017-07-14 16:58:13,0.0,0.0,0,2019-07-12 12:26
885895844599218176,2017-07-14 16:16:43,4.0,0.0,0,2019-07-12 12:26
885895669994606592,2017-07-14 16:16:01,4.0,6.0,0,2019-07-12 12:26
885886198241263616,2017-07-14 15:38:23,0.0,7.0,0,2019-07-12 12:26
885885902110830592,2017-07-14 15:37:12,3.0,0.0,0,2019-07-12 12:26
885883217063981056,2017-07-14 15:26:32,0.0,0.0,0,2019-07-12 12:26
885883056376119301,2017-07-14 15:25:54,3.0,2.0,0,2019-07-12 12:26
885874385701265408,2017-07-14 14:51:26,,,1,2019-07-12 12:26
885860742074843136,2017-07-14 13:57:14,0.0,0.0,0,2019-07-12 12:26
885845888656003072,2017-07-14 12:58:12,,,1,2019-07-12 12:26
885844113018413056,2017-07-14 12:51:09,,,1,2019-07-12 12:26
885813676770570242,2017-07-14 10:50:12,0.0,0.0,0,2019-07-12 12:26
885780699176816641,2017-07-14 8:39:10,,,1,2019-07-12 12:26
885763322846380032,2017-07-14 7:30:07,0.0,0.0,0,2019-07-12 12:26
885757792283312128,2017-07-14 7:08:08,0.0,0.0,0,2019-07-12 12:26
885754778109616128,2017-07-14 6:56:10,0.0,0.0,0,2019-07-12 12:26
885734926552780801,2017-07-14 5:37:17,,,1,2019-07-12 12:26
885716286549798913,2017-07-14 4:23:13,0.0,0.0,0,2019-07-12 12:26
885707457581862912,2017-07-14 3:48:08,0.0,0.0,0,2019-07-12 12:26
885700882326794241,2017-07-14 3:22:00,6.0,0.0,0,2019-07-12 12:26
885694612366544897,2017-07-14 2:57:05,0.0,0.0,0,2019-07-12 12:26
885692598123339776,2017-07-14 2:49:05,0.0,0.0,0,2019-07-12 12:26
885689992915423232,2017-07-14 2:38:44,6.0,0.0,0,2019-07-12 12:26
885684816494026753,2017-07-14 2:18:10,0.0,0.0,0,2019-07-12 12:26
885684310761656320,2017-07-14 2:16:09,0.0,0.0,0,2019-07-12 12:26
885683063350362113,2017-07-14 2:11:12,0.0,0.0,0,2019-07-12 12:26
885682799230935040,2017-07-14 2:10:09,0.0,0.0,0,2019-07-12 12:26
885607189896765441,2017-07-13 21:09:42,,,1,2019-07-12 12:26
885597238054879233,2017-07-13 20:30:09,,,1,2019-07-12 12:26
885590716763652096,2017-07-13 20:04:15,,,1,2019-07-12 12:26
885581438896046080,2017-07-13 19:27:22,6.0,0.0,0,2019-07-12 12:26
885580358250528768,2017-07-13 19:23:05,6.0,0.0,0,2019-07-12 12:26
885579369426468864,2017-07-13 19:19:09,,,1,2019-07-12 12:26
885575837331800064,2017-07-13 19:05:07,0.0,0.0,0,2019-07-12 12:26
885575495160655878,2017-07-13 19:03:45,,,1,2019-07-12 12:26
885565539094937600,2017-07-13 18:24:12,0.0,0.0,0,2019-07-12 12:26
885555666877808647,2017-07-13 17:44:58,0.0,1.0,0,2019-07-12 12:26
885521870472318979,2017-07-13 15:30:40,6.0,0.0,0,2019-07-12 12:26
885520538462040064,2017-07-13 15:25:23,6.0,6.0,0,2019-07-12 12:26
885510000327536640,2017-07-13 14:43:30,0.0,0.0,0,2019-07-12 12:26
885507750926614528,2017-07-13 14:34:34,3.0,0.0,0,2019-07-12 12:26
885506996929257472,2017-07-13 14:31:34,0.0,0.0,0,2019-07-12 12:26
885505392352018433,2017-07-13 14:25:12,,,1,2019-07-12 12:26
885497579366232064,2017-07-13 13:54:09,1.0,0.0,0,2019-07-12 12:26
885497290441584640,2017-07-13 13:53:00,1.0,3.0,0,2019-07-12 12:26
885495343340826625,2017-07-13 13:45:16,0.0,0.0,0,2019-07-12 12:26
885485655559720960,2017-07-13 13:06:46,1.0,0.0,0,2019-07-12 12:26
885483156232654849,2017-07-13 12:56:50,,,1,2019-07-12 12:26
885439683454312448,2017-07-13 10:04:05,,,1,2019-07-12 12:26
885439545881358337,2017-07-13 10:03:33,,,1,2019-07-12 12:26
885436694689857538,2017-07-13 9:52:13,,,1,2019-07-12 12:26
885421304991633409,2017-07-13 8:51:04,,,1,2019-07-12 12:26
885414816403275776,2017-07-13 8:25:17,,,1,2019-07-12 12:26
885414814675226624,2017-07-13 8:25:16,,,1,2019-07-12 12:26
885414814616403968,2017-07-13 8:25:16,,,1,2019-07-12 12:26
885414813681106945,2017-07-13 8:25:16,,,1,2019-07-12 12:26
885414812968038401,2017-07-13 8:25:16,,,1,2019-07-12 12:26
885414807888814080,2017-07-13 8:25:15,,,1,2019-07-12 12:26
885414806651494400,2017-07-13 8:25:14,,,1,2019-07-12 12:26
885414806429159424,2017-07-13 8:25:14,,,1,2019-07-12 12:26
885414803220582400,2017-07-13 8:25:13,,,1,2019-07-12 12:26
885414799013666816,2017-07-13 8:25:12,,,1,2019-07-12 12:26
885414790738227200,2017-07-13 8:25:10,,,1,2019-07-12 12:26
885414684895137792,2017-07-13 8:24:45,,,1,2019-07-12 12:26
885404954868932608,2017-07-13 7:46:05,,,1,2019-07-12 12:26
885324075505115136,2017-07-13 2:24:42,2.0,0.0,0,2019-07-12 12:39
885311044989616128,2017-07-13 1:32:56,1.0,9.0,0,2019-07-12 12:39
885308719642415105,2017-07-13 1:23:41,0.0,1.0,0,2019-07-12 12:39
885307918266052609,2017-07-13 1:20:30,3.0,0.0,0,2019-07-12 12:39
885307824997314561,2017-07-13 1:20:08,3.0,8.0,0,2019-07-12 12:39
885304120420311040,2017-07-13 1:05:25,0.0,0.0,0,2019-07-12 12:39
885235449874178048,2017-07-12 20:32:32,2.0,0.0,0,2019-07-12 12:39
885229566758879232,2017-07-12 20:09:10,0.0,1.0,0,2019-07-12 12:39
885211411194011648,2017-07-12 18:57:01,0.0,0.0,0,2019-07-12 12:39
885198083432169472,2017-07-12 18:04:03,2.0,1.0,0,2019-07-12 12:39
885121862568640512,2017-07-12 13:01:11,0.0,2.0,0,2019-07-12 12:39
884940158986072067,2017-07-12 0:59:09,0.0,0.0,0,2019-07-12 12:39
884938067869655040,2017-07-12 0:50:51,0.0,1.0,0,2019-07-12 12:39
884917774379872256,2017-07-11 23:30:13,0.0,0.0,0,2019-07-12 12:39
884906713916342274,2017-07-11 22:46:16,59.0,0.0,0,2019-07-12 12:39
884547161286991873,2017-07-10 22:57:31,,,1,2019-07-12 12:39
884544731585314819,2017-07-10 22:47:52,,,1,2019-07-12 12:39
884541033438216199,2017-07-10 22:33:11,2.0,0.0,0,2019-07-12 12:39
884539807988240384,2017-07-10 22:28:18,2.0,6.0,0,2019-07-12 12:39
884537663239315456,2017-07-10 22:19:47,0.0,1.0,0,2019-07-12 12:39
884486931287085056,2017-07-10 18:58:12,0.0,2.0,0,2019-07-12 12:39
884486557503295489,2017-07-10 18:56:42,1.0,0.0,0,2019-07-12 12:39
884482884664414208,2017-07-10 18:42:07,0.0,0.0,0,2019-07-12 12:39
884474053712543744,2017-07-10 18:07:01,1.0,1.0,0,2019-07-12 12:39
884434105911398400,2017-07-10 15:28:17,0.0,1.0,0,2019-07-12 12:39
884412042580561920,2017-07-10 14:00:37,0.0,0.0,0,2019-07-12 12:39
884395698069942272,2017-07-10 12:55:40,1.0,0.0,0,2019-07-12 12:39
884395533871312899,2017-07-10 12:55:01,1.0,0.0,0,2019-07-12 12:39
884385465725571072,2017-07-10 12:15:00,0.0,0.0,0,2019-07-12 12:39
884128691248181248,2017-07-09 19:14:40,2.0,0.0,0,2019-07-12 12:39
884111173960040449,2017-07-09 18:05:04,90.0,0.0,0,2019-07-12 12:39
884093041841143808,2017-07-09 16:53:01,1.0,0.0,0,2019-07-12 12:39
884090552936914944,2017-07-09 16:43:08,1.0,2.0,0,2019-07-12 12:39
884081877648261120,2017-07-09 16:08:39,2.0,0.0,0,2019-07-12 12:39
884080360870379521,2017-07-09 16:02:38,2.0,7.0,0,2019-07-12 12:39
883482298490007552,2017-07-08 0:26:08,90.0,0.0,0,2019-07-12 12:39
883466422902542336,2017-07-07 23:23:03,1.0,0.0,0,2019-07-12 12:39
883450584971395076,2017-07-07 22:20:07,2.0,0.0,0,2019-07-12 12:39
883450071521439749,2017-07-07 22:18:05,2.0,0.0,0,2019-07-12 12:39
883446328851931136,2017-07-07 22:03:13,2.0,3.0,0,2019-07-12 12:39
883406588253319168,2017-07-07 19:25:18,,,1,2019-07-12 12:39
883404142277926912,2017-07-07 19:15:35,1.0,0.0,0,2019-07-12 12:39
883404030331858946,2017-07-07 19:15:08,1.0,2.0,0,2019-07-12 12:39
883377503263444994,2017-07-07 17:29:43,0.0,3.0,0,2019-07-12 12:39
883376413289570304,2017-07-07 17:25:23,0.0,1.0,0,2019-07-12 12:39
883366734232776706,2017-07-07 16:46:56,1.0,1.0,0,2019-07-12 12:39
883348952875061248,2017-07-07 15:36:16,2.0,0.0,0,2019-07-12 12:39
883165799401349120,2017-07-07 3:28:29,90.0,0.0,0,2019-07-12 12:39
883109701151543296,2017-07-06 23:45:34,59.0,0.0,0,2019-07-12 12:39
883101848554680321,2017-07-06 23:14:22,90.0,0.0,0,2019-07-12 12:39
883091783680446464,2017-07-06 22:34:22,2.0,0.0,0,2019-07-12 12:39
883076552468045824,2017-07-06 21:33:51,2.0,4.0,0,2019-07-12 12:39
883071538186137600,2017-07-06 21:13:56,90.0,0.0,0,2019-07-12 12:39
883042832252104704,2017-07-06 19:19:52,90.0,0.0,0,2019-07-12 12:39
883022383711473666,2017-07-06 17:58:36,0.0,2.0,0,2019-07-12 12:39
882994627179143174,2017-07-06 16:08:19,,,1,2019-07-12 12:39
882798110711349249,2017-07-06 3:07:25,2.0,0.0,0,2019-07-12 12:39
882745643688656897,2017-07-05 23:38:56,90.0,0.0,0,2019-07-12 12:39
882710389883940864,2017-07-05 21:18:51,0.0,1.0,0,2019-07-12 12:39
882705791018569728,2017-07-05 21:00:35,59.0,0.0,0,2019-07-12 12:39
882691172589850625,2017-07-05 20:02:29,1.0,0.0,0,2019-07-12 12:39
882660951199285248,2017-07-05 18:02:24,0.0,2.0,0,2019-07-12 12:39
882620979431845888,2017-07-05 15:23:34,2.0,0.0,0,2019-07-12 12:39
882620284079099905,2017-07-05 15:20:48,2.0,0.0,0,2019-07-12 12:39
882620149114785793,2017-07-05 15:20:16,2.0,1.0,0,2019-07-12 12:39
882591232333041665,2017-07-05 13:25:22,90.0,0.0,0,2019-07-12 12:39
882561848645701632,2017-07-05 11:28:36,1.0,0.0,0,2019-07-12 12:39
882554542264651776,2017-07-05 10:59:34,90.0,0.0,0,2019-07-12 12:39
882467428789354497,2017-07-05 5:13:25,90.0,0.0,0,2019-07-12 12:39
882461850067234816,2017-07-05 4:51:15,0.0,0.0,0,2019-07-12 12:39
882429219439087616,2017-07-05 2:41:35,90.0,0.0,0,2019-07-12 12:39
882425890977832960,2017-07-05 2:28:21,90.0,0.0,0,2019-07-12 12:39
882329082570125314,2017-07-04 20:03:40,90.0,0.0,0,2019-07-12 12:39
882301328474746880,2017-07-04 18:13:23,,,1,2019-07-12 12:39
882288523809759233,2017-07-04 17:22:30,59.0,0.0,0,2019-07-12 12:39
882286440499077120,2017-07-04 17:14:14,90.0,0.0,0,2019-07-12 12:39
882284505217806337,2017-07-04 17:06:32,90.0,0.0,0,2019-07-12 12:39
882281911619653632,2017-07-04 16:56:14,90.0,0.0,0,2019-07-12 12:39
882281410526052352,2017-07-04 16:54:14,90.0,0.0,0,2019-07-12 12:39
882266728260145153,2017-07-04 15:55:54,90.0,0.0,0,2019-07-12 12:39
882264134171185153,2017-07-04 15:45:35,90.0,0.0,0,2019-07-12 12:39
882261626296164355,2017-07-04 15:35:37,90.0,0.0,0,2019-07-12 12:39
882259424085200899,2017-07-04 15:26:52,90.0,0.0,0,2019-07-12 12:39
882258694993584128,2017-07-04 15:23:59,90.0,0.0,0,2019-07-12 12:39
882246590668447744,2017-07-04 14:35:53,90.0,0.0,0,2019-07-12 12:39
882224214945693697,2017-07-04 13:06:58,90.0,0.0,0,2019-07-12 12:39
882214547834245120,2017-07-04 12:28:33,90.0,0.0,0,2019-07-12 12:39
882135926616592384,2017-07-04 7:16:08,90.0,0.0,0,2019-07-12 12:39
882117956284624896,2017-07-04 6:04:44,90.0,0.0,0,2019-07-12 12:39
882114373787029504,2017-07-04 5:50:30,90.0,0.0,0,2019-07-12 12:39
882103353655705601,2017-07-04 5:06:42,90.0,0.0,0,2019-07-12 12:39
882097504283574272,2017-07-04 4:43:28,90.0,0.0,0,2019-07-12 12:39
882094255765901313,2017-07-04 4:30:33,90.0,0.0,0,2019-07-12 12:39
882088194304561152,2017-07-04 4:06:28,90.0,0.0,0,2019-07-12 12:39
882082718233878529,2017-07-04 3:44:42,90.0,0.0,0,2019-07-12 12:39
882079182364258304,2017-07-04 3:30:39,90.0,0.0,0,2019-07-12 12:39
882074852588494848,2017-07-04 3:13:27,90.0,0.0,0,2019-07-12 12:39
882073459723030533,2017-07-04 3:07:55,90.0,0.0,0,2019-07-12 12:39
882071584491569152,2017-07-04 3:00:28,90.0,0.0,0,2019-07-12 12:39
882070226287898626,2017-07-04 2:55:04,90.0,0.0,0,2019-07-12 12:39
